"STATION","DATE","LATITUDE","LONGITUDE","ELEVATION","NAME","TEMP","TEMP_ATTRIBUTES","DEWP","DEWP_ATTRIBUTES","SLP","SLP_ATTRIBUTES","STP","STP_ATTRIBUTES","VISIB","VISIB_ATTRIBUTES","WDSP","WDSP_ATTRIBUTES","MXSPD","GUST","MAX","MAX_ATTRIBUTES","MIN","MIN_ATTRIBUTES","PRCP","PRCP_ATTRIBUTES","SNDP","FRSHTT"
"72220103723","2018-01-01","35.58222","-79.10111","75.3","SANFORD LEE CO REGIONAL AIRPORT, NC US","  23.3","24","  -1.8","24","9999.9"," 0","022.5","19"," 10.0","24","  6.5","24"," 12.0"," 17.1","  27.9"," ","  14.0"," "," 0.00","I","999.9","000000"
"72220103723","2018-01-02","35.58222","-79.10111","75.3","SANFORD LEE CO REGIONAL AIRPORT, NC US","  19.0","24","   0.1","24","9999.9"," 0","025.2","24"," 10.0","24","  1.7","24","  8.0","999.9","  30.6"," ","   5.4"," "," 0.00","I","999.9","000000"
"72220103723","2018-01-03","35.58222","-79.10111","75.3","SANFORD LEE CO REGIONAL AIRPORT, NC US","  17.5","24","   4.3","24","9999.9"," 0","016.9","24","  9.9","24","  1.5","24","  8.0","999.9","  32.2"," ","   5.0"," ","99.99"," ","999.9","001000"
"72220103723","2018-01-04","35.58222","-79.10111","75.3","SANFORD LEE CO REGIONAL AIRPORT, NC US","  23.1","18","  16.9","18","9999.9"," 0","001.6","18","  7.7","18","  4.9","18"," 17.1"," 24.1","  29.3","*","  14.7","*"," 0.03","G","999.9","011000"
"72220103723","2018-01-05","35.58222","-79.10111","75.3","SANFORD LEE CO REGIONAL AIRPORT, NC US","  19.2","24","   0.1","24","9999.9"," 0","012.2","24"," 10.0","24","  4.9","24"," 12.0"," 24.1","  30.7","*","   3.4","*"," 0.00","G","999.9","000000"
"72220103723","2018-01-06","35.58222","-79.10111","75.3","SANFORD LEE CO REGIONAL AIRPORT, NC US","  13.3","24","   0.0","24","9999.9"," 0","020.9","24"," 10.0","24","  2.3","24"," 13.0"," 15.9","  26.2","*","  -1.1","*"," 0.00","I","999.9","000000"
"72220103723","2018-01-07","35.58222","-79.10111","75.3","SANFORD LEE CO REGIONAL AIRPORT, NC US","  10.9","24","  -2.2","24","9999.9"," 0","027.2","24"," 10.0","24","  0.5","24","  5.1","999.9","  27.7","*","  -4.0","*"," 0.00","I","999.9","000000"
"72220103723","2018-01-08","35.58222","-79.10111","75.3","SANFORD LEE CO REGIONAL AIRPORT, NC US","  22.7","24","   8.8","24","9999.9"," 0","020.3","24"," 10.0","24","  0.7","24","  5.1","999.9","  44.8","*","   9.0","*","99.99"," ","999.9","010000"
"72220103723","2018-01-09","35.58222","-79.10111","75.3","SANFORD LEE CO REGIONAL AIRPORT, NC US","  40.6","24","  34.5","24","9999.9"," 0","014.9","24","  9.2","24","  0.2","24","  2.9","999.9","  63.0","*","  28.4","*","99.99"," ","999.9","010000"
"72220103723","2018-01-10","35.58222","-79.10111","75.3","SANFORD LEE CO REGIONAL AIRPORT, NC US","  44.8","24","  34.7","24","9999.9"," 0","018.2","24"," 10.0","24","  1.1","24","  5.1","999.9","  61.0","*","  32.9","*"," 0.00","I","999.9","000000"
"72220103723","2018-01-11","35.58222","-79.10111","75.3","SANFORD LEE CO REGIONAL AIRPORT, NC US","  51.9","24","  45.2","24","9999.9"," 0","016.0","24","  9.8","24","  1.6","24","  5.1","999.9","  68.0","*","  41.7","*","99.99"," ","999.9","010000"
"72220103723","2018-01-12","35.58222","-79.10111","75.3","SANFORD LEE CO REGIONAL AIRPORT, NC US","  65.8","24","  63.8","24","9999.9"," 0","003.5","24","  8.6","24","  5.2","24"," 13.0"," 17.1","  70.7","*","  60.3","*","99.99"," ","999.9","010000"
"72220103723","2018-01-13","35.58222","-79.10111","75.3","SANFORD LEE CO REGIONAL AIRPORT, NC US","  50.2","24","  41.6","24","9999.9"," 0","001.3","24","  9.4","24","  6.9","24"," 17.1"," 25.1","  66.2","*","  36.7","*","99.99"," ","999.9","010000"
"72220103723","2018-01-14","35.58222","-79.10111","75.3","SANFORD LEE CO REGIONAL AIRPORT, NC US","  29.5","24","  11.5","24","9999.9"," 0","022.7","24"," 10.0","24","  8.0","24"," 14.0"," 20.0","  36.3","*","  21.9","*"," 0.00","I","999.9","000000"
"72220103723","2018-01-15","35.58222","-79.10111","75.3","SANFORD LEE CO REGIONAL AIRPORT, NC US","  25.5","24","   9.4","24","9999.9"," 0","024.3","24"," 10.0","24","  3.2","24","  8.9","999.9","  38.7","*","  16.5","*"," 0.00","I","999.9","000000"
"72220103723","2018-01-16","35.58222","-79.10111","75.3","SANFORD LEE CO REGIONAL AIRPORT, NC US","  28.3","24","  18.0","24","9999.9"," 0","021.6","24"," 10.0","24","  0.6","24","  5.1","999.9","  46.0","*","  15.8","*"," 0.00","I","999.9","000000"
"72220103723","2018-01-17","35.58222","-79.10111","75.3","SANFORD LEE CO REGIONAL AIRPORT, NC US","  32.0","24","  28.4","24","9999.9"," 0","015.7","24","  7.0","23","  2.3","24"," 12.0"," 18.1","  35.2","*","  28.6","*","99.99"," ","999.9","011000"
"72220103723","2018-01-19","35.58222","-79.10111","75.3","SANFORD LEE CO REGIONAL AIRPORT, NC US","  27.9","24","  20.6","24","9999.9"," 0","014.2","24","  9.1","24","  0.7","24","  6.0","999.9","  49.5","*","  14.5","*"," 0.00","I","999.9","100000"
"72220103723","2018-01-20","35.58222","-79.10111","75.3","SANFORD LEE CO REGIONAL AIRPORT, NC US","  32.8","24","  24.5","24","9999.9"," 0","012.3","24","  9.8","24","  0.9","24","  6.0","999.9","  55.8","*","  18.3","*"," 0.00","I","999.9","000000"
"72220103723","2018-01-21","35.58222","-79.10111","75.3","SANFORD LEE CO REGIONAL AIRPORT, NC US","  41.2","24","  33.6","24","9999.9"," 0","013.8","24"," 10.0","24","  0.7","24","  7.0","999.9","  66.2","*","  27.3","*"," 0.00","I","999.9","000000"
"72220103723","2018-01-22","35.58222","-79.10111","75.3","SANFORD LEE CO REGIONAL AIRPORT, NC US","  42.3","24","  37.3","24","9999.9"," 0","012.9","24"," 10.0","24","  1.0","24","  8.0","999.9","  61.7"," ","  30.2"," "," 0.00","I","999.9","000000"
"72220103723","2018-01-23","35.58222","-79.10111","75.3","SANFORD LEE CO REGIONAL AIRPORT, NC US","  61.2","24","  51.4","24","9999.9"," 0","001.9","24","  9.5","24","  9.2","24"," 21.0"," 31.1","  68.4"," ","  45.9"," "," 0.48","G","999.9","010000"
"72220103723","2018-01-24","35.58222","-79.10111","75.3","SANFORD LEE CO REGIONAL AIRPORT, NC US","  43.6","24","  28.4","24","9999.9"," 0","009.0","24"," 10.0","24","  2.7","24","  9.9"," 14.0","  57.0"," ","  27.5"," "," 0.01","G","999.9","000000"
"72220103723","2018-01-25","35.58222","-79.10111","75.3","SANFORD LEE CO REGIONAL AIRPORT, NC US","  36.6","24","  22.8","24","9999.9"," 0","020.0","24"," 10.0","24","  3.5","24","  9.9"," 15.0","  49.3"," ","  23.0"," "," 0.00","G","999.9","000000"
"72220103723","2018-01-26","35.58222","-79.10111","75.3","SANFORD LEE CO REGIONAL AIRPORT, NC US","  34.3","24","  22.4","24","9999.9"," 0","028.0","24"," 10.0","24","  1.1","24","  7.0","999.9","  55.6"," ","  20.3"," "," 0.00","I","999.9","000000"
"72220103723","2018-01-27","35.58222","-79.10111","75.3","SANFORD LEE CO REGIONAL AIRPORT, NC US","  41.2","24","  31.0","24","9999.9"," 0","025.4","24"," 10.0","24","  1.6","24"," 12.0"," 17.1","  66.0"," ","  25.9"," "," 0.00","I","999.9","000000"
"72220103723","2018-01-28","35.58222","-79.10111","75.3","SANFORD LEE CO REGIONAL AIRPORT, NC US","  54.0","24","  51.0","24","9999.9"," 0","016.6","24","  8.1","24","  0.1","24","  2.9","999.9","  60.4","*","  49.3","*"," 0.17","G","999.9","010000"
"72220103723","2018-01-29","35.58222","-79.10111","75.3","SANFORD LEE CO REGIONAL AIRPORT, NC US","  49.9","24","  48.6","24","9999.9"," 0","007.7","24","  8.8","24","  7.8","24"," 15.0"," 22.0","  56.3","*","  41.2","*"," 0.00","G","999.9","010000"
"72220103723","2018-01-30","35.58222","-79.10111","75.3","SANFORD LEE CO REGIONAL AIRPORT, NC US","  36.0","24","  26.5","24","9999.9"," 0","011.4","23","  8.5","24","  5.9","24"," 15.0"," 22.0","  41.7"," ","  28.9"," "," 0.18","G","999.9","010000"
"72220103723","2018-01-31","35.58222","-79.10111","75.3","SANFORD LEE CO REGIONAL AIRPORT, NC US","  29.8","24","  16.3","24","9999.9"," 0","018.7","21"," 10.0","24","  2.4","24","  9.9","999.9","  46.4"," ","  15.8"," "," 0.00","G","999.9","000000"
"72220103723","2018-02-01","35.58222","-79.10111","75.3","SANFORD LEE CO REGIONAL AIRPORT, NC US","  40.9","24","  29.0","24","9999.9"," 0","011.3","19"," 10.0","24","  3.3","24"," 15.0"," 20.0","  61.7"," ","  24.1"," "," 0.00","I","999.9","000000"
"72220103723","2018-02-02","35.58222","-79.10111","75.3","SANFORD LEE CO REGIONAL AIRPORT, NC US","  46.4","24","  31.9","24","9999.9"," 0","010.4","24"," 10.0","24","  8.3","24"," 15.9"," 26.0","  58.3"," ","  32.9"," "," 0.09","G","999.9","010000"
"72220103723","2018-02-03","35.58222","-79.10111","75.3","SANFORD LEE CO REGIONAL AIRPORT, NC US","  28.6","24","   5.9","24","9999.9"," 0","022.7","24"," 10.0","24","  3.0","24","  7.0","999.9","  40.5"," ","  18.1"," "," 0.00","G","999.9","000000"
"72220103723","2018-02-04","35.58222","-79.10111","75.3","SANFORD LEE CO REGIONAL AIRPORT, NC US","  38.7","24","  31.3","24","9999.9"," 0","010.8","24","  8.9","24","  2.0","24"," 11.1"," 17.1","  54.7"," ","  28.4"," "," 0.61","B","999.9","010000"
"72220103723","2018-02-05","35.58222","-79.10111","75.3","SANFORD LEE CO REGIONAL AIRPORT, NC US","  41.8","24","  33.8","24","9999.9"," 0","007.9","24","  8.5","24","  5.1","24"," 15.0"," 19.0","  48.0"," ","  35.8"," "," 0.00","I","999.9","000000"
"72220103723","2018-02-06","35.58222","-79.10111","75.3","SANFORD LEE CO REGIONAL AIRPORT, NC US","  37.2","24","  31.3","24","9999.9"," 0","017.2","24"," 10.0","24","  0.8","24","  7.0","999.9","  59.9"," ","  24.3"," "," 0.00","I","999.9","000000"
"72220103723","2018-02-07","35.58222","-79.10111","75.3","SANFORD LEE CO REGIONAL AIRPORT, NC US","  52.0","24","  48.3","24","9999.9"," 0","014.0","24","  9.9","24","  3.8","24"," 17.1"," 22.9","  66.6"," ","  40.8"," "," 0.11","A","999.9","010000"
"72220103723","2018-02-08","35.58222","-79.10111","75.3","SANFORD LEE CO REGIONAL AIRPORT, NC US","  47.2","24","  36.5","24","9999.9"," 0","016.1","24","  9.6","24","  5.0","24"," 11.1"," 15.0","  59.0"," ","  37.4"," "," 0.03","A","999.9","010000"
"72220103723","2018-02-09","35.58222","-79.10111","75.3","SANFORD LEE CO REGIONAL AIRPORT, NC US","  37.5","24","  28.5","24","9999.9"," 0","022.3","24","  9.4","24","  1.3","24","  7.0","999.9","  57.9"," ","  24.3"," "," 0.00","I","999.9","000000"
"72220103723","2018-02-10","35.58222","-79.10111","75.3","SANFORD LEE CO REGIONAL AIRPORT, NC US","  49.7","24","  47.1","24","9999.9"," 0","015.1","24","  7.6","24","  0.2","24","  2.9","999.9","  63.7"," ","  40.8"," "," 0.27","B","999.9","110000"
"72220103723","2018-02-11","35.58222","-79.10111","75.3","SANFORD LEE CO REGIONAL AIRPORT, NC US","  66.5","24","  62.6","24","9999.9"," 0","008.6","24","  8.5","24","  8.1","24"," 15.9"," 22.9","  72.1"," ","  55.0"," ","99.99"," ","999.9","110000"
"72220103723","2018-02-12","35.58222","-79.10111","75.3","SANFORD LEE CO REGIONAL AIRPORT, NC US","  62.5","24","  59.2","24","9999.9"," 0","013.1","24","  9.5","24","  4.0","24"," 14.0"," 28.0","  69.3"," ","  45.5"," "," 0.01","G","999.9","010000"
"72220103723","2018-02-13","35.58222","-79.10111","75.3","SANFORD LEE CO REGIONAL AIRPORT, NC US","  43.0","24","  30.6","24","9999.9"," 0","028.1","24"," 10.0","24","  6.6","24","  9.9"," 15.9","  45.5"," ","  39.6"," "," 0.03","G","999.9","010000"
"72220103723","2018-02-14","35.58222","-79.10111","75.3","SANFORD LEE CO REGIONAL AIRPORT, NC US","  43.7","24","  37.8","24","9999.9"," 0","023.6","24","  8.3","24","  1.7","24","  8.0","999.9","  60.1"," ","  37.4"," "," 0.00","G","999.9","010000"
"72220103723","2018-02-15","35.58222","-79.10111","75.3","SANFORD LEE CO REGIONAL AIRPORT, NC US","  61.0","24","  54.6","24","9999.9"," 0","012.0","24"," 10.0","24","  5.4","24","  9.9"," 15.9","  76.1"," ","  50.9"," "," 0.05","G","999.9","010000"
"72220103723","2018-02-16","35.58222","-79.10111","75.3","SANFORD LEE CO REGIONAL AIRPORT, NC US","  69.8","24","  58.5","24","9999.9"," 0","003.6","24"," 10.0","24"," 10.5","24"," 15.9"," 24.1","  81.0"," ","  63.7"," "," 0.00","G","999.9","010000"
"72220103723","2018-02-17","35.58222","-79.10111","75.3","SANFORD LEE CO REGIONAL AIRPORT, NC US","  52.1","24","  41.0","24","9999.9"," 0","012.8","24","  9.7","24","  5.2","24"," 13.0"," 18.1","  63.7"," ","  45.0"," ","99.99"," ","999.9","010000"
"72220103723","2018-02-18","35.58222","-79.10111","75.3","SANFORD LEE CO REGIONAL AIRPORT, NC US","  48.2","24","  39.2","24","9999.9"," 0","014.2","24","  7.6","24","  2.3","24","  8.0","999.9","  61.5"," ","  40.6"," "," 0.01","G","999.9","110000"
"72220103723","2018-02-19","35.58222","-79.10111","75.3","SANFORD LEE CO REGIONAL AIRPORT, NC US","  45.1","24","  41.8","24","9999.9"," 0","021.1","24","  7.0","24","  0.2","24","  6.0","999.9","  49.3"," ","  41.0"," "," 0.07","G","999.9","110000"
"72220103723","2018-02-20","35.58222","-79.10111","75.3","SANFORD LEE CO REGIONAL AIRPORT, NC US","  54.7","24","  53.2","24","9999.9"," 0","021.2","24","  3.0","24","  0.0","24","  2.9","999.9","  73.8"," ","  47.7"," "," 0.00","G","999.9","110000"
"72220103723","2018-02-21","35.58222","-79.10111","75.3","SANFORD LEE CO REGIONAL AIRPORT, NC US","  66.6","24","  61.7","24","9999.9"," 0","021.4","24","  7.8","24","  3.0","24","  9.9"," 17.1","  77.9"," ","  56.3"," "," 0.00","I","999.9","100000"
"72220103723","2018-02-22","35.58222","-79.10111","75.3","SANFORD LEE CO REGIONAL AIRPORT, NC US","  66.4","24","  61.0","24","9999.9"," 0","021.2","24","  8.9","24","  3.4","24"," 11.1"," 15.9","  78.3"," ","  55.8"," "," 0.00","I","999.9","100000"
"72220103723","2018-02-23","35.58222","-79.10111","75.3","SANFORD LEE CO REGIONAL AIRPORT, NC US","  60.7","24","  56.9","24","9999.9"," 0","021.0","24","  8.5","24","  2.0","24","  7.0","999.9","  71.8","*","  54.0","*"," 0.00","I","999.9","000000"
"72220103723","2018-02-24","35.58222","-79.10111","75.3","SANFORD LEE CO REGIONAL AIRPORT, NC US","  60.4","24","  54.9","24","9999.9"," 0","013.8","24","  6.2","24","  3.2","24"," 12.0"," 17.1","  78.8"," ","  47.1"," ","99.99"," ","999.9","110000"
"72220103723","2018-02-25","35.58222","-79.10111","75.3","SANFORD LEE CO REGIONAL AIRPORT, NC US","  66.4","24","  59.0","24","9999.9"," 0","009.0","24"," 10.0","24","  6.4","24"," 15.0"," 26.0","  74.7"," ","  62.2"," ","99.99"," ","999.9","010000"
"72220103723","2018-02-26","35.58222","-79.10111","75.3","SANFORD LEE CO REGIONAL AIRPORT, NC US","  59.0","24","  55.1","24","9999.9"," 0","011.0","24","  9.8","24","  3.4","24"," 15.0"," 24.1","  64.4"," ","  46.0"," "," 0.01","G","999.9","010000"
"72220103723","2018-02-27","35.58222","-79.10111","75.3","SANFORD LEE CO REGIONAL AIRPORT, NC US","  44.6","24","  34.0","24","9999.9"," 0","019.7","23","  7.7","24","  1.4","24","  8.0","999.9","  60.1"," ","  29.3"," "," 0.06","G","999.9","110000"
"72220103723","2018-02-28","35.58222","-79.10111","75.3","SANFORD LEE CO REGIONAL AIRPORT, NC US","  42.1","24","  37.1","24","9999.9"," 0","015.0","22"," 10.0","24","  0.3","24","  5.1","999.9","  57.2"," ","  32.0"," "," 0.00","G","999.9","010000"
"72220103723","2018-03-01","35.58222","-79.10111","75.3","SANFORD LEE CO REGIONAL AIRPORT, NC US","  52.1","24","  51.9","24","9999.9"," 0","000.3","19","  3.6","24","  0.5","24","  6.0","999.9","  59.0"," ","  49.3"," "," 0.33","G","999.9","010000"
"72220103723","2018-03-02","35.58222","-79.10111","75.3","SANFORD LEE CO REGIONAL AIRPORT, NC US","  53.0","24","  34.1","24","9999.9"," 0","001.8","24"," 10.0","24"," 12.1","24"," 22.0"," 35.0","  57.2"," ","  46.6"," "," 0.48","G","999.9","000000"
"72220103723","2018-03-03","35.58222","-79.10111","75.3","SANFORD LEE CO REGIONAL AIRPORT, NC US","  45.5","24","  14.3","24","9999.9"," 0","010.6","24"," 10.0","24","  9.8","24"," 18.1"," 28.0","  57.4"," ","  34.9"," "," 0.00","G","999.9","000000"
"72220103723","2018-03-04","35.58222","-79.10111","75.3","SANFORD LEE CO REGIONAL AIRPORT, NC US","  44.7","24","  18.9","24","9999.9"," 0","013.4","24"," 10.0","24","  7.8","24"," 14.0"," 22.9","  56.1"," ","  28.9"," "," 0.00","I","999.9","000000"
"72220103723","2018-03-05","35.58222","-79.10111","75.3","SANFORD LEE CO REGIONAL AIRPORT, NC US","  38.1","24","  22.4","24","9999.9"," 0","011.3","24"," 10.0","24","  1.3","24","  9.9","999.9","  55.2"," ","  23.5"," "," 0.00","I","999.9","000000"
"72220103723","2018-03-06","35.58222","-79.10111","75.3","SANFORD LEE CO REGIONAL AIRPORT, NC US","  37.9","24","  29.8","24","9999.9"," 0","006.9","24"," 10.0","24","  0.8","24","  4.1","999.9","  46.2"," ","  31.3"," "," 0.23","A","999.9","010000"
"72220103723","2018-03-07","35.58222","-79.10111","75.3","SANFORD LEE CO REGIONAL AIRPORT, NC US","  43.6","24","  37.8","24","9999.9"," 0","998.8","24","  8.2","24","  4.7","24"," 15.0"," 22.9","  53.1","*","  39.4","*"," 0.22","A","999.9","010000"
"72220103723","2018-03-08","35.58222","-79.10111","75.3","SANFORD LEE CO REGIONAL AIRPORT, NC US","  35.8","24","  23.1","24","9999.9"," 0","004.3","24"," 10.0","24","  3.3","24"," 11.1"," 18.1","  46.2"," ","  24.3"," "," 0.00","I","999.9","000000"
"72220103723","2018-03-09","35.58222","-79.10111","75.3","SANFORD LEE CO REGIONAL AIRPORT, NC US","  38.0","24","  17.9","24","9999.9"," 0","006.8","24"," 10.0","24","  4.8","24"," 13.0"," 19.0","  51.1"," ","  23.4"," "," 0.00","I","999.9","000000"
"72220103723","2018-03-10","35.58222","-79.10111","75.3","SANFORD LEE CO REGIONAL AIRPORT, NC US","  42.3","24","  31.4","24","9999.9"," 0","007.3","24"," 10.0","24","  0.5","24","  5.1","999.9","  57.2"," ","  32.9"," "," 0.00","I","999.9","000000"
"72220103723","2018-03-11","35.58222","-79.10111","75.3","SANFORD LEE CO REGIONAL AIRPORT, NC US","  45.6","24","  41.8","24","9999.9"," 0","007.1","24","  9.7","24","  4.0","24","  8.9","999.9","  50.0"," ","  41.5"," "," 0.04","B","999.9","010000"
"72220103723","2018-03-12","35.58222","-79.10111","75.3","SANFORD LEE CO REGIONAL AIRPORT, NC US","  37.5","24","  36.5","24","9999.9"," 0","001.1","24","  5.8","24","  6.1","24"," 11.1"," 15.9","  41.5"," ","  32.4"," "," 0.13","G","999.9","011000"
"72220103723","2018-03-13","35.58222","-79.10111","75.3","SANFORD LEE CO REGIONAL AIRPORT, NC US","  38.2","24","  26.3","24","9999.9"," 0","004.3","24"," 10.0","24","  6.6","24"," 14.0"," 20.0","  49.5"," ","  28.4"," "," 0.65","G","999.9","010000"
"72220103723","2018-03-14","35.58222","-79.10111","75.3","SANFORD LEE CO REGIONAL AIRPORT, NC US","  37.4","24","  21.5","24","9999.9"," 0","005.3","24"," 10.0","24","  5.8","24"," 18.1"," 25.1","  43.9"," ","  32.5"," "," 0.00","G","999.9","000000"
"72220103723","2018-03-15","35.58222","-79.10111","75.3","SANFORD LEE CO REGIONAL AIRPORT, NC US","  39.3","24","  19.0","24","9999.9"," 0","004.2","24"," 10.0","24","  5.5","24"," 19.0"," 28.9","  65.7"," ","  19.9"," "," 0.00","I","999.9","000000"
"72220103723","2018-03-16","35.58222","-79.10111","75.3","SANFORD LEE CO REGIONAL AIRPORT, NC US","  57.1","24","  28.1","24","9999.9"," 0","001.7","24"," 10.0","24","  6.4","24"," 15.0"," 22.9","  69.4"," ","  36.9"," "," 0.00","I","999.9","000000"
"72220103723","2018-03-17","35.58222","-79.10111","75.3","SANFORD LEE CO REGIONAL AIRPORT, NC US","  46.1","24","  33.3","24","9999.9"," 0","005.6","24"," 10.0","24","  3.0","24"," 14.0"," 20.0","  68.4"," ","  27.7"," "," 0.01","A","999.9","010000"
"72220103723","2018-03-18","35.58222","-79.10111","75.3","SANFORD LEE CO REGIONAL AIRPORT, NC US","  53.7","24","  41.3","24","9999.9"," 0","002.5","24"," 10.0","24","  5.3","24"," 11.1"," 17.1","  61.0"," ","  43.7"," "," 0.00","I","999.9","000000"
"72220103723","2018-03-19","35.58222","-79.10111","75.3","SANFORD LEE CO REGIONAL AIRPORT, NC US","  49.3","24","  40.3","24","9999.9"," 0","002.8","24"," 10.0","24","  1.0","24","  6.0","999.9","  66.9"," ","  37.0"," "," 0.00","I","999.9","000000"
"72220103723","2018-03-20","35.58222","-79.10111","75.3","SANFORD LEE CO REGIONAL AIRPORT, NC US","  53.6","24","  50.8","24","9999.9"," 0","993.6","24","  8.7","24","  4.6","24"," 14.0"," 20.0","  62.1"," ","  41.5"," "," 0.99","G","999.9","010000"
"72220103723","2018-03-21","35.58222","-79.10111","75.3","SANFORD LEE CO REGIONAL AIRPORT, NC US","  37.9","24","  35.0","24","9999.9"," 0","994.6","24","  8.9","24","  5.6","24"," 12.0"," 18.1","  43.7"," ","  32.9"," "," 0.20","G","999.9","011000"
"72220103723","2018-03-22","35.58222","-79.10111","75.3","SANFORD LEE CO REGIONAL AIRPORT, NC US","  41.7","24","  25.1","24","9999.9"," 0","007.2","24"," 10.0","24","  6.5","24"," 13.0"," 19.0","  53.1"," ","  33.4"," "," 0.02","G","999.9","000000"
"72220103723","2018-03-23","35.58222","-79.10111","75.3","SANFORD LEE CO REGIONAL AIRPORT, NC US","  39.4","24","  23.6","24","9999.9"," 0","012.8","24"," 10.0","24","  3.1","24"," 14.0"," 19.0","  55.9"," ","  24.8"," "," 0.00","G","999.9","000000"
"72220103723","2018-03-24","35.58222","-79.10111","75.3","SANFORD LEE CO REGIONAL AIRPORT, NC US","  37.1","24","  28.2","24","9999.9"," 0","013.6","24","  9.8","24","  0.4","24","  6.0","999.9","  46.4"," ","  27.5"," "," 0.07","A","999.9","010000"
"72220103723","2018-03-25","35.58222","-79.10111","75.3","SANFORD LEE CO REGIONAL AIRPORT, NC US","  40.4","24","  34.5","24","9999.9"," 0","011.8","24","  8.1","24","  6.4","24"," 15.0"," 19.0","  53.6"," ","  34.7"," "," 0.61","G","999.9","010000"
"72220103723","2018-03-26","35.58222","-79.10111","75.3","SANFORD LEE CO REGIONAL AIRPORT, NC US","  43.5","24","  27.2","24","9999.9"," 0","023.3","24","  9.5","24","  6.3","24"," 14.0"," 19.0","  53.8"," ","  32.0"," "," 0.00","G","999.9","000000"
"72220103723","2018-03-27","35.58222","-79.10111","75.3","SANFORD LEE CO REGIONAL AIRPORT, NC US","  41.5","24","  33.1","24","9999.9"," 0","023.7","24","  9.7","24","  2.8","24","  6.0","999.9","  49.5"," ","  36.5"," ","99.99"," ","999.9","010000"
"72220103723","2018-03-28","35.58222","-79.10111","75.3","SANFORD LEE CO REGIONAL AIRPORT, NC US","  54.9","24","  46.0","24","9999.9"," 0","012.4","24","  9.5","24","  5.4","24"," 15.0"," 22.0","  75.6"," ","  38.5"," "," 0.00","I","999.9","000000"
"72220103723","2018-03-29","35.58222","-79.10111","75.3","SANFORD LEE CO REGIONAL AIRPORT, NC US","  65.3","24","  54.3","24","9999.9"," 0","007.7","24"," 10.0","24","  5.6","24"," 15.0"," 22.9","  79.2"," ","  53.6"," "," 0.00","I","999.9","000000"
"72220103723","2018-03-30","35.58222","-79.10111","75.3","SANFORD LEE CO REGIONAL AIRPORT, NC US","  67.6","24","  56.8","24","9999.9"," 0","003.9","23"," 10.0","24","  8.8","24"," 13.0"," 22.0","  72.5"," ","  63.5"," "," 0.02","A","999.9","010000"
"72220103723","2018-03-31","35.58222","-79.10111","75.3","SANFORD LEE CO REGIONAL AIRPORT, NC US","  54.1","24","  31.2","24","9999.9"," 0","015.2","22"," 10.0","24","  5.3","24"," 12.0"," 18.1","  67.1"," ","  33.4"," "," 0.00","I","999.9","000000"
"72220103723","2018-04-01","35.58222","-79.10111","75.3","SANFORD LEE CO REGIONAL AIRPORT, NC US","  53.3","24","  37.3","24","9999.9"," 0","010.6","19","  9.9","24","  2.3","24"," 11.1","999.9","  75.2"," ","  35.1"," "," 0.00","I","999.9","000000"
"72220103723","2018-04-02","35.58222","-79.10111","75.3","SANFORD LEE CO REGIONAL AIRPORT, NC US","  65.9","24","  47.5","24","9999.9"," 0","005.7","24"," 10.0","24","  4.6","24","  9.9"," 14.0","  82.0"," ","  53.2"," "," 0.00","I","999.9","000000"
"72220103723","2018-04-03","35.58222","-79.10111","75.3","SANFORD LEE CO REGIONAL AIRPORT, NC US","  58.6","24","  49.1","24","9999.9"," 0","008.0","24","  9.3","24","  3.0","24","  8.9"," 15.0","  78.8"," ","  47.3"," "," 0.00","I","999.9","000000"
"72220103723","2018-04-04","35.58222","-79.10111","75.3","SANFORD LEE CO REGIONAL AIRPORT, NC US","  68.8","24","  54.4","24","9999.9"," 0","000.3","24"," 10.0","24","  9.7","24"," 17.1"," 24.1","  78.3"," ","  59.9"," "," 0.00","I","999.9","000000"
"72220103723","2018-04-05","35.58222","-79.10111","75.3","SANFORD LEE CO REGIONAL AIRPORT, NC US","  49.5","24","  21.4","24","9999.9"," 0","011.8","24"," 10.0","24","  4.4","24","  9.9"," 15.0","  60.3"," ","  31.1"," "," 0.00","I","999.9","000000"
"72220103723","2018-04-06","35.58222","-79.10111","75.3","SANFORD LEE CO REGIONAL AIRPORT, NC US","  49.5","24","  33.7","24","9999.9"," 0","009.2","24"," 10.0","24","  4.0","24"," 15.0"," 22.0","  72.5"," ","  31.8"," "," 0.00","I","999.9","000000"
"72220103723","2018-04-07","35.58222","-79.10111","75.3","SANFORD LEE CO REGIONAL AIRPORT, NC US","  55.6","24","  48.2","24","9999.9"," 0","000.8","24","  7.6","24","  4.1","24"," 19.0"," 27.0","  65.7"," ","  38.3"," "," 0.25","G","999.9","010000"
"72220103723","2018-04-08","35.58222","-79.10111","75.3","SANFORD LEE CO REGIONAL AIRPORT, NC US","  39.9","24","  30.4","24","9999.9"," 0","004.9","24"," 10.0","24","  7.0","24"," 15.0"," 22.9","  52.0"," ","  32.0"," "," 0.56","G","999.9","011000"
"72220103723","2018-04-09","35.58222","-79.10111","75.3","SANFORD LEE CO REGIONAL AIRPORT, NC US","  44.9","24","  36.7","24","9999.9"," 0","009.5","24"," 10.0","24","  2.3","24","  8.9","999.9","  55.4"," ","  37.2"," "," 0.00","G","999.9","000000"
"72220103723","2018-04-10","35.58222","-79.10111","75.3","SANFORD LEE CO REGIONAL AIRPORT, NC US","  47.0","24","  37.2","24","9999.9"," 0","011.4","24","  9.8","24","  2.6","24"," 12.0"," 15.0","  62.6"," ","  34.7"," "," 0.00","I","999.9","000000"
"72220103723","2018-04-11","35.58222","-79.10111","75.3","SANFORD LEE CO REGIONAL AIRPORT, NC US","  47.3","24","  36.7","24","9999.9"," 0","012.2","24","  9.9","24","  1.5","24","  6.0","999.9","  61.3","*","  36.0","*","99.99"," ","999.9","010000"
"72220103723","2018-04-12","35.58222","-79.10111","75.3","SANFORD LEE CO REGIONAL AIRPORT, NC US","  52.9","24","  40.3","24","9999.9"," 0","012.8","24","  9.9","24","  3.8","24"," 14.0"," 21.0","  75.2"," ","  36.3"," "," 0.00","I","999.9","000000"
"72220103723","2018-04-13","35.58222","-79.10111","75.3","SANFORD LEE CO REGIONAL AIRPORT, NC US","  64.0","24","  46.7","24","9999.9"," 0","010.6","24"," 10.0","24","  7.2","24"," 14.0"," 21.0","  80.1"," ","  45.3"," "," 0.00","I","999.9","000000"
"72220103723","2018-04-14","35.58222","-79.10111","75.3","SANFORD LEE CO REGIONAL AIRPORT, NC US","  68.9","24","  55.6","24","9999.9"," 0","009.3","24"," 10.0","24","  6.6","24"," 13.0"," 19.0","  82.2"," ","  55.8"," "," 0.00","I","999.9","000000"
"72220103723","2018-04-15","35.58222","-79.10111","75.3","SANFORD LEE CO REGIONAL AIRPORT, NC US","  71.4","24","  63.0","24","9999.9"," 0","004.9","24","  9.3","24","  7.9","24"," 18.1"," 27.0","  82.0"," ","  64.4"," ","99.99"," ","999.9","010000"
"72220103723","2018-04-16","35.58222","-79.10111","75.3","SANFORD LEE CO REGIONAL AIRPORT, NC US","  56.6","24","  47.2","24","9999.9"," 0","995.9","24","  9.1","24","  8.9","24"," 18.1"," 28.9","  65.8"," ","  47.5"," ","99.99"," ","999.9","010000"
"72220103723","2018-04-17","35.58222","-79.10111","75.3","SANFORD LEE CO REGIONAL AIRPORT, NC US","  47.1","24","  27.0","24","9999.9"," 0","003.7","24"," 10.0","24","  7.7","24"," 15.0"," 22.0","  64.4"," ","  33.6"," "," 0.00","I","999.9","000000"
"72220103723","2018-04-18","35.58222","-79.10111","75.3","SANFORD LEE CO REGIONAL AIRPORT, NC US","  57.0","24","  42.8","24","9999.9"," 0","001.4","24"," 10.0","24","  3.5","24"," 15.9"," 22.0","  83.3"," ","  39.6"," "," 0.00","I","999.9","000000"
"72220103723","2018-04-19","35.58222","-79.10111","75.3","SANFORD LEE CO REGIONAL AIRPORT, NC US","  70.9","24","  43.8","24","9999.9"," 0","999.6","24"," 10.0","24"," 10.1","24"," 19.0"," 28.9","  77.5"," ","  53.6"," "," 0.00","I","999.9","000000"
"72220103723","2018-04-20","35.58222","-79.10111","75.3","SANFORD LEE CO REGIONAL AIRPORT, NC US","  51.7","21","  28.1","21","9999.9"," 0","016.0","21"," 10.0","21","  5.4","21"," 14.0"," 20.0","  65.3"," ","  32.0"," "," 0.00","I","999.9","000000"
"72220103723","2018-04-21","35.58222","-79.10111","75.3","SANFORD LEE CO REGIONAL AIRPORT, NC US","  48.5","24","  33.6","24","9999.9"," 0","019.3","24","  8.9","24","  1.0","24","  7.0","999.9","  68.0"," ","  30.2"," "," 0.00","I","999.9","000000"
"72220103723","2018-04-22","35.58222","-79.10111","75.3","SANFORD LEE CO REGIONAL AIRPORT, NC US","  53.2","24","  40.7","24","9999.9"," 0","018.2","24"," 10.0","24","  1.0","24","  7.0","999.9","  70.5"," ","  36.3"," "," 0.00","I","999.9","000000"
"72220103723","2018-04-23","35.58222","-79.10111","75.3","SANFORD LEE CO REGIONAL AIRPORT, NC US","  58.4","24","  46.6","24","9999.9"," 0","016.1","24"," 10.0","24","  3.9","24"," 15.0"," 24.1","  65.1","*","  50.7","*","99.99"," ","999.9","010000"
"72220103723","2018-04-24","35.58222","-79.10111","75.3","SANFORD LEE CO REGIONAL AIRPORT, NC US","  58.9","24","  56.5","24","9999.9"," 0","007.2","24","  8.7","24","  4.8","24","  8.0"," 18.1","  64.6","*","  54.0","*","99.99"," ","999.9","010000"
"72220103723","2018-04-25","35.58222","-79.10111","75.3","SANFORD LEE CO REGIONAL AIRPORT, NC US","  60.9","24","  58.0","24","9999.9"," 0","998.6","24","  7.2","24","  3.1","24"," 12.0"," 15.0","  68.4","*","  54.3","*","99.99"," ","999.9","110000"
"72220103723","2018-04-26","35.58222","-79.10111","75.3","SANFORD LEE CO REGIONAL AIRPORT, NC US","  59.3","24","  53.1","24","9999.9"," 0","001.6","24","  7.8","24","  1.0","24","  9.9","999.9","  71.6","*","  46.9","*"," 0.00","I","999.9","000000"
"72220103723","2018-04-27","35.58222","-79.10111","75.3","SANFORD LEE CO REGIONAL AIRPORT, NC US","  63.0","24","  56.1","24","9999.9"," 0","999.7","24","  9.4","24","  3.1","24","  8.9"," 14.0","  71.6","*","  54.1","*","99.99"," ","999.9","110000"
"72220103723","2018-04-28","35.58222","-79.10111","75.3","SANFORD LEE CO REGIONAL AIRPORT, NC US","  60.7","24","  47.8","24","9999.9"," 0","001.4","24","  9.3","24","  2.5","24"," 11.1"," 15.9","  78.1","*","  44.1","*"," 0.00","I","999.9","000000"
"72220103723","2018-04-29","35.58222","-79.10111","75.3","SANFORD LEE CO REGIONAL AIRPORT, NC US","  58.8","24","  35.0","24","9999.9"," 0","007.5","23"," 10.0","24","  7.1","24"," 14.0"," 20.0","  68.0","*","  49.3","*"," 0.00","I","999.9","000000"
"72220103723","2018-04-30","35.58222","-79.10111","75.3","SANFORD LEE CO REGIONAL AIRPORT, NC US","  51.5","24","  33.5","24","9999.9"," 0","015.1","21","  9.9","24","  1.8","24","  8.0","999.9","  71.8","*","  33.8","*"," 0.00","I","999.9","000000"
"72220103723","2018-05-01","35.58222","-79.10111","75.3","SANFORD LEE CO REGIONAL AIRPORT, NC US","  59.4","24","  40.8","24","9999.9"," 0","013.9","20"," 10.0","24","  1.6","24","  8.0"," 14.0","  82.6","*","  37.6","*"," 0.00","I","999.9","000000"
"72220103723","2018-05-02","35.58222","-79.10111","75.3","SANFORD LEE CO REGIONAL AIRPORT, NC US","  64.7","24","  49.1","24","9999.9"," 0","015.1","24"," 10.0","24","  3.4","24"," 13.0"," 18.1","  84.7","*","  45.1","*"," 0.00","I","999.9","000000"
"72220103723","2018-05-03","35.58222","-79.10111","75.3","SANFORD LEE CO REGIONAL AIRPORT, NC US","  70.2","24","  53.9","24","9999.9"," 0","014.2","24"," 10.0","24","  4.6","24"," 13.0"," 18.1","  84.2","*","  55.8","*"," 0.00","I","999.9","000000"
"72220103723","2018-05-04","35.58222","-79.10111","75.3","SANFORD LEE CO REGIONAL AIRPORT, NC US","  70.4","24","  56.0","24","9999.9"," 0","011.4","24"," 10.0","24","  5.6","24"," 13.0"," 19.0","  85.1","*","  58.1","*"," 0.00","I","999.9","000000"
"72220103723","2018-05-05","35.58222","-79.10111","75.3","SANFORD LEE CO REGIONAL AIRPORT, NC US","  69.8","24","  59.4","24","9999.9"," 0","008.9","24"," 10.0","24","  3.4","24","  8.9"," 14.0","  80.2","*","  57.9","*"," 0.00","I","999.9","000000"
"72220103723","2018-05-06","35.58222","-79.10111","75.3","SANFORD LEE CO REGIONAL AIRPORT, NC US","  68.3","24","  62.6","24","9999.9"," 0","003.9","24","  9.9","24","  1.2","24","  9.9","999.9","  82.6","*","  59.0","*","99.99"," ","999.9","010000"
"72220103723","2018-05-07","35.58222","-79.10111","75.3","SANFORD LEE CO REGIONAL AIRPORT, NC US","  66.7","24","  56.3","24","9999.9"," 0","005.8","24"," 10.0","24","  6.7","24"," 15.0"," 19.0","  73.6","*","  56.8","*"," 0.00","I","999.9","000000"
"72220103723","2018-05-08","35.58222","-79.10111","75.3","SANFORD LEE CO REGIONAL AIRPORT, NC US","  62.7","24","  52.2","24","9999.9"," 0","011.1","24","  7.3","24","  4.4","24"," 13.0"," 19.0","  77.4","*","  45.9","*"," 0.00","I","999.9","100000"
"72220103723","2018-05-09","35.58222","-79.10111","75.3","SANFORD LEE CO REGIONAL AIRPORT, NC US","  64.0","23","  50.8","23","9999.9"," 0","011.1","23","  8.8","23","  2.0","23","  8.0"," 15.0","  79.0","*","  45.3","*"," 0.00","I","999.9","000000"
"72220103723","2018-05-10","35.58222","-79.10111","75.3","SANFORD LEE CO REGIONAL AIRPORT, NC US","  67.3","24","  56.8","24","9999.9"," 0","008.4","24","  9.3","24","  3.7","24"," 12.0"," 17.1","  87.3","*","  50.9","*"," 0.00","I","999.9","100000"
"72220103723","2018-05-11","35.58222","-79.10111","75.3","SANFORD LEE CO REGIONAL AIRPORT, NC US","  70.5","24","  60.6","24","9999.9"," 0","007.6","24","  6.9","24","  1.9","24"," 11.1"," 22.0","  88.3","*","  54.1","*","99.99"," ","999.9","110000"
"72220103723","2018-05-12","35.58222","-79.10111","75.3","SANFORD LEE CO REGIONAL AIRPORT, NC US","  75.9","24","  63.3","24","9999.9"," 0","009.4","24","  9.9","24","  2.9","24","  8.0","999.9","  91.6","*","  61.2","*"," 0.00","I","999.9","000000"
"72220103723","2018-05-13","35.58222","-79.10111","75.3","SANFORD LEE CO REGIONAL AIRPORT, NC US","  76.5","24","  64.2","24","9999.9"," 0","008.2","24","  9.8","24","  1.6","24","  7.0","999.9","  91.9","*","  60.8","*"," 0.00","I","999.9","000000"
"72220103723","2018-05-14","35.58222","-79.10111","75.3","SANFORD LEE CO REGIONAL AIRPORT, NC US","  77.9","24","  64.2","24","9999.9"," 0","007.3","24"," 10.0","24","  2.8","24","  8.9","999.9","  92.3","*","  63.1","*"," 0.00","I","999.9","000000"
"72220103723","2018-05-15","35.58222","-79.10111","75.3","SANFORD LEE CO REGIONAL AIRPORT, NC US","  75.6","24","  66.3","24","9999.9"," 0","007.8","24"," 10.0","24","  4.5","24","  9.9"," 17.1","  86.2","*","  65.3","*","99.99"," ","999.9","010000"
"72220103723","2018-05-16","35.58222","-79.10111","75.3","SANFORD LEE CO REGIONAL AIRPORT, NC US","  71.9","19","  68.4","19","9999.9"," 0","006.6","19","  9.1","19","  1.9","19","  8.0"," 14.0","  82.2","*","  66.2","*","99.99"," ","999.9","010000"
"72220103723","2018-05-30","35.58222","-79.10111","75.3","SANFORD LEE CO REGIONAL AIRPORT, NC US","  81.7"," 7","  73.1"," 7","9999.9"," 0","006.2"," 5"," 10.0"," 7","  3.6"," 7","  7.0","999.9","  85.3","*","  79.0","*","99.99"," ","999.9","010000"
"72220103723","2018-05-31","35.58222","-79.10111","75.3","SANFORD LEE CO REGIONAL AIRPORT, NC US","  75.1","24","  71.6","24","9999.9"," 0","006.0","22","  9.0","24","  1.8","24","  7.0","999.9","  84.9","*","  70.2","*","99.99"," ","999.9","010000"
"72220103723","2018-06-01","35.58222","-79.10111","75.3","SANFORD LEE CO REGIONAL AIRPORT, NC US","  77.7","24","  69.8","24","9999.9"," 0","002.4","19","  9.3","24","  1.7","24","  6.0","999.9","  90.1","*","  68.4","*"," 0.00","I","999.9","000000"
"72220103723","2018-06-02","35.58222","-79.10111","75.3","SANFORD LEE CO REGIONAL AIRPORT, NC US","  76.4","24","  67.8","24","9999.9"," 0","000.2","24","  9.7","24","  2.8","24"," 12.0"," 28.0","  86.2","*","  66.7","*","99.99"," ","999.9","010000"
"72220103723","2018-06-03","35.58222","-79.10111","75.3","SANFORD LEE CO REGIONAL AIRPORT, NC US","  75.4","24","  68.2","24","9999.9"," 0","000.0","24","  9.7","24","  2.9","24","  8.0","999.9","  87.8","*","  66.2","*","99.99"," ","999.9","010000"
"72220103723","2018-06-04","35.58222","-79.10111","75.3","SANFORD LEE CO REGIONAL AIRPORT, NC US","  74.9","24","  63.4","24","9999.9"," 0","001.3","24","  9.7","24","  3.9","24","  8.9","999.9","  84.2","*","  66.4","*","99.99"," ","999.9","010000"
"72220103723","2018-06-05","35.58222","-79.10111","75.3","SANFORD LEE CO REGIONAL AIRPORT, NC US","  68.0","24","  57.8","24","9999.9"," 0","002.0","24"," 10.0","24","  1.3","24","  6.0","999.9","  79.9","*","  56.3","*"," 0.00","I","999.9","000000"
"72220103723","2018-06-06","35.58222","-79.10111","75.3","SANFORD LEE CO REGIONAL AIRPORT, NC US","  69.5","24","  61.0","24","9999.9"," 0","000.7","24","  9.8","24","  1.7","24"," 15.9"," 20.0","  85.5","*","  56.3","*","99.99"," ","999.9","010000"
"72220103723","2018-06-07","35.58222","-79.10111","75.3","SANFORD LEE CO REGIONAL AIRPORT, NC US","  72.1","24","  64.6","24","9999.9"," 0","006.6","24"," 10.0","24","  2.6","24","  8.0","999.9","  84.2","*","  60.8","*"," 0.00","I","999.9","000000"
"72220103723","2018-06-08","35.58222","-79.10111","75.3","SANFORD LEE CO REGIONAL AIRPORT, NC US","  74.9","24","  67.2","24","9999.9"," 0","011.5","24","  8.0","24","  0.7","24","  5.1","999.9","  86.5","*","  63.5","*"," 0.00","I","999.9","100000"
"72220103723","2018-06-09","35.58222","-79.10111","75.3","SANFORD LEE CO REGIONAL AIRPORT, NC US","  75.6","24","  67.0","24","9999.9"," 0","010.7","24","  8.8","24","  0.6","24","  8.0","999.9","  87.8","*","  63.3","*"," 0.00","I","999.9","100000"
"72220103723","2018-06-10","35.58222","-79.10111","75.3","SANFORD LEE CO REGIONAL AIRPORT, NC US","  75.9","24","  67.9","24","9999.9"," 0","006.5","24","  8.9","24","  0.9","24","  5.1","999.9","  89.1","*","  63.7","*"," 0.00","I","999.9","100000"
"72220103723","2018-06-11","35.58222","-79.10111","75.3","SANFORD LEE CO REGIONAL AIRPORT, NC US","  76.4","24","  69.9","24","9999.9"," 0","003.0","24","  9.8","24","  2.8","24"," 15.0"," 22.0","  87.1","*","  68.0","*","99.99"," ","999.9","010000"
"72220103723","2018-06-12","35.58222","-79.10111","75.3","SANFORD LEE CO REGIONAL AIRPORT, NC US","  66.5","24","  64.0","24","9999.9"," 0","010.3","24","  8.7","24","  5.0","24","  8.0","999.9","  71.6","*","  62.6","*","99.99"," ","999.9","010000"
"72220103723","2018-06-13","35.58222","-79.10111","75.3","SANFORD LEE CO REGIONAL AIRPORT, NC US","  72.6","24","  66.7","24","9999.9"," 0","009.1","24"," 10.0","24","  2.6","24","  8.0","999.9","  84.0","*","  67.1","*"," 0.00","I","999.9","000000"
"72220103723","2018-06-14","35.58222","-79.10111","75.3","SANFORD LEE CO REGIONAL AIRPORT, NC US","  78.5","24","  69.6","24","9999.9"," 0","005.4","24","  9.9","24","  2.6","24","  8.9","999.9","  90.3","*","  69.8","*"," 0.00","I","999.9","000000"
"72220103723","2018-06-15","35.58222","-79.10111","75.3","SANFORD LEE CO REGIONAL AIRPORT, NC US","  77.4","24","  70.1","24","9999.9"," 0","005.5","24","  9.7","24","  2.8","24","  6.0","999.9","  85.5","*","  69.4","*"," 0.00","I","999.9","000000"
"72220103723","2018-06-16","35.58222","-79.10111","75.3","SANFORD LEE CO REGIONAL AIRPORT, NC US","  74.7","24","  65.7","24","9999.9"," 0","008.1","24","  9.3","24","  0.6","24","  5.1","999.9","  89.1","*","  62.1","*"," 0.00","I","999.9","000000"
"72220103723","2018-06-17","35.58222","-79.10111","75.3","SANFORD LEE CO REGIONAL AIRPORT, NC US","  79.5","24","  69.9","24","9999.9"," 0","009.5","24","  9.0","24","  1.7","24","  8.0","999.9","  92.7","*","  66.4","*"," 0.00","I","999.9","000000"
"72220103723","2018-06-18","35.58222","-79.10111","75.3","SANFORD LEE CO REGIONAL AIRPORT, NC US","  80.7","20","  72.2","20","9999.9"," 0","008.7","20"," 10.0","20","  1.7","20","  6.0","999.9","  93.7","*","  72.0","*"," 0.00","I","999.9","000000"
"72220103723","2018-06-19","35.58222","-79.10111","75.3","SANFORD LEE CO REGIONAL AIRPORT, NC US","  84.2","24","  70.9","24","9999.9"," 0","004.9","24"," 10.0","24","  3.5","24","  8.9","999.9","  96.1","*","  72.5","*"," 0.00","I","999.9","000000"
"72220103723","2018-06-20","35.58222","-79.10111","75.3","SANFORD LEE CO REGIONAL AIRPORT, NC US","  81.5","24","  72.1","24","9999.9"," 0","002.4","24","  9.7","24","  1.4","24"," 11.1"," 20.0","  93.4","*","  71.2","*","99.99"," ","999.9","010000"
"72220103723","2018-06-21","35.58222","-79.10111","75.3","SANFORD LEE CO REGIONAL AIRPORT, NC US","  80.7","24","  70.9","24","9999.9"," 0","000.3","24","  8.5","24","  1.6","24","  6.0","999.9","  92.7","*","  68.4","*","99.99"," ","999.9","110000"
"72220103723","2018-06-22","35.58222","-79.10111","75.3","SANFORD LEE CO REGIONAL AIRPORT, NC US","  82.1","24","  70.5","24","9999.9"," 0","999.7","24","  9.9","24","  3.9","24"," 13.0"," 19.0","  94.3","*","  70.3","*"," 0.00","I","999.9","000000"
"72220103723","2018-06-23","35.58222","-79.10111","75.3","SANFORD LEE CO REGIONAL AIRPORT, NC US","  81.8","24","  68.7","24","9999.9"," 0","001.1","24"," 10.0","24","  5.5","24"," 15.0"," 20.0","  92.1","*","  71.4","*","99.99"," ","999.9","010000"
"72220103723","2018-06-24","35.58222","-79.10111","75.3","SANFORD LEE CO REGIONAL AIRPORT, NC US","  82.7","24","  68.1","24","9999.9"," 0","003.5","24"," 10.0","24","  4.4","24"," 11.1"," 20.0","  96.3","*","  70.9","*"," 0.00","I","999.9","000000"
"72220103723","2018-06-25","35.58222","-79.10111","75.3","SANFORD LEE CO REGIONAL AIRPORT, NC US","  81.0","24","  68.9","24","9999.9"," 0","007.4","24","  9.8","24","  3.6","24","  8.9","999.9","  91.6","*","  69.3","*"," 0.00","I","999.9","000000"
"72220103723","2018-06-26","35.58222","-79.10111","75.3","SANFORD LEE CO REGIONAL AIRPORT, NC US","  73.0","24","  70.4","24","9999.9"," 0","010.7","24","  9.1","24","  2.3","24","  9.9","999.9","  81.3","*","  68.9","*","99.99"," ","999.9","010000"
"72220103723","2018-06-27","35.58222","-79.10111","75.3","SANFORD LEE CO REGIONAL AIRPORT, NC US","  73.0","24","  68.8","24","9999.9"," 0","009.0","24"," 10.0","24","  2.0","24","  5.1","999.9","  84.0","*","  66.7","*","99.99"," ","999.9","010000"
"72220103723","2018-06-28","35.58222","-79.10111","75.3","SANFORD LEE CO REGIONAL AIRPORT, NC US","  77.9","24","  69.8","24","9999.9"," 0","003.6","22","  9.6","24","  3.0","24","  8.0","999.9","  90.7","*","  66.7","*","99.99"," ","999.9","010000"
"72220103723","2018-06-29","35.58222","-79.10111","75.3","SANFORD LEE CO REGIONAL AIRPORT, NC US","  79.3","24","  71.6","24","9999.9"," 0","005.9","24","  8.0","24","  1.0","24","  6.0","999.9","  92.1","*","  67.5","*"," 0.00","I","999.9","000000"
"72220103723","2018-06-30","35.58222","-79.10111","75.3","SANFORD LEE CO REGIONAL AIRPORT, NC US","  80.9","24","  72.5","24","9999.9"," 0","008.9","21","  8.8","24","  1.9","24","  5.1","999.9","  92.3","*","  69.8","*"," 0.00","I","999.9","000000"
"72220103723","2018-07-01","35.58222","-79.10111","75.3","SANFORD LEE CO REGIONAL AIRPORT, NC US","  82.0","24","  72.2","24","9999.9"," 0","009.3","19","  9.2","24","  1.9","24","  8.0","999.9","  93.0","*","  70.3","*"," 0.00","I","999.9","100000"
"72220103723","2018-07-02","35.58222","-79.10111","75.3","SANFORD LEE CO REGIONAL AIRPORT, NC US","  80.9","21","  72.6","21","9999.9"," 0","009.3","21","  9.4","21","  0.7","21","  7.0","999.9","  94.3","*","  70.7","*"," 0.00","I","999.9","000000"
"72220103723","2018-07-10","35.58222","-79.10111","75.3","SANFORD LEE CO REGIONAL AIRPORT, NC US","  87.4"," 7","  63.0"," 7","9999.9"," 0","006.1"," 7"," 10.0"," 7","  2.5"," 7","  7.0","999.9","  90.0","*","  84.4","*"," 0.00","I","999.9","000000"
"72220103723","2018-07-11","35.58222","-79.10111","75.3","SANFORD LEE CO REGIONAL AIRPORT, NC US","  79.0","24","  67.3","24","9999.9"," 0","005.6","24","  9.9","24","  1.2","24","  8.0","999.9","  93.6","*","  63.5","*"," 0.00","I","999.9","000000"
"72220103723","2018-07-12","35.58222","-79.10111","75.3","SANFORD LEE CO REGIONAL AIRPORT, NC US","  78.9","23","  72.0","23","9999.9"," 0","007.8","23","  9.7","21","  4.3","23","  9.9"," 14.0","  85.3","*","  72.0","*","99.99"," ","999.9","010000"
"72220103723","2018-07-13","35.58222","-79.10111","75.3","SANFORD LEE CO REGIONAL AIRPORT, NC US","  76.2","21","  68.9","21","9999.9"," 0","011.9","21","  9.6","21","  2.9","21","  7.0","999.9","  84.9","*","  68.0","*"," 0.00","I","999.9","000000"
"72220103723","2018-07-16","35.58222","-79.10111","75.3","SANFORD LEE CO REGIONAL AIRPORT, NC US","  81.7"," 4","  73.5"," 4","9999.9"," 0","006.1"," 4","  7.5"," 4","  3.3"," 4"," 12.0"," 17.1","  87.4","*","  76.3","*","99.99"," ","999.9","010000"
"72220103723","2018-07-17","35.58222","-79.10111","75.3","SANFORD LEE CO REGIONAL AIRPORT, NC US","  78.2","24","  72.1","24","9999.9"," 0","005.3","24","  6.4","24","  2.1","24","  8.0","999.9","  92.1","*","  68.2","*"," 0.00","I","999.9","100000"
"72220103723","2018-07-18","35.58222","-79.10111","75.3","SANFORD LEE CO REGIONAL AIRPORT, NC US","  78.3","24","  68.6","24","9999.9"," 0","004.3","24","  9.5","24","  4.3","24"," 11.1"," 15.0","  86.9","*","  70.0","*","99.99"," ","999.9","010000"
"72220103723","2018-07-19","35.58222","-79.10111","75.3","SANFORD LEE CO REGIONAL AIRPORT, NC US","  76.1","24","  60.8","24","9999.9"," 0","007.5","24"," 10.0","24","  2.8","24","  8.9"," 15.0","  87.6","*","  61.3","*"," 0.00","I","999.9","000000"
"72220103723","2018-07-20","35.58222","-79.10111","75.3","SANFORD LEE CO REGIONAL AIRPORT, NC US","  73.2","24","  63.8","24","9999.9"," 0","008.1","24"," 10.0","24","  2.3","24","  8.9","999.9","  84.6","*","  62.1","*","99.99"," ","999.9","010000"
"72220103723","2018-07-21","35.58222","-79.10111","75.3","SANFORD LEE CO REGIONAL AIRPORT, NC US","  75.3","24","  68.0","24","9999.9"," 0","002.5","24"," 10.0","24","  3.3","24","  8.0","999.9","  87.4","*","  68.0","*","99.99"," ","999.9","010000"
"72220103723","2018-07-22","35.58222","-79.10111","75.3","SANFORD LEE CO REGIONAL AIRPORT, NC US","  75.3","24","  68.6","24","9999.9"," 0","998.5","24","  9.8","24","  2.6","24"," 15.0"," 18.1","  87.6","*","  66.4","*","99.99"," ","999.9","010000"
"72220103723","2018-07-23","35.58222","-79.10111","75.3","SANFORD LEE CO REGIONAL AIRPORT, NC US","  73.8","24","  70.5","24","9999.9"," 0","001.3","24","  9.8","24","  2.0","24"," 12.0"," 21.0","  85.3","*","  68.2","*","99.99"," ","999.9","010000"
"72220103723","2018-07-24","35.58222","-79.10111","75.3","SANFORD LEE CO REGIONAL AIRPORT, NC US","  75.4","23","  71.7","23","9999.9"," 0","005.2","23","  9.5","23","  1.9","23","  6.0","999.9","  85.1","*","  70.9","*"," 0.00","I","999.9","000000"
"72220103723","2018-07-25","35.58222","-79.10111","75.3","SANFORD LEE CO REGIONAL AIRPORT, NC US","  74.9","24","  72.6","24","9999.9"," 0","004.8","24","  8.6","24","  1.1","24","  8.0","999.9","  79.9","*","  70.0","*","99.99"," ","999.9","010000"
"72220103723","2018-07-26","35.58222","-79.10111","75.3","SANFORD LEE CO REGIONAL AIRPORT, NC US","  75.7","24","  69.1","24","9999.9"," 0","005.3","24","  6.7","24","  1.6","24","  6.0","999.9","  89.8","*","  66.4","*","99.99"," ","999.9","110000"
"72220103723","2018-07-27","35.58222","-79.10111","75.3","SANFORD LEE CO REGIONAL AIRPORT, NC US","  78.9","24","  72.3","24","9999.9"," 0","006.3","24","  8.1","24","  1.3","24","  7.0","999.9","  90.0","*","  69.1","*"," 0.00","I","999.9","000000"
"72220103723","2018-07-28","35.58222","-79.10111","75.3","SANFORD LEE CO REGIONAL AIRPORT, NC US","  78.4","24","  72.4","24","9999.9"," 0","007.0","24","  7.7","24","  2.5","24","  7.0"," 14.0","  88.5","*","  70.5","*","99.99"," ","999.9","110000"
"72220103723","2018-07-29","35.58222","-79.10111","75.3","SANFORD LEE CO REGIONAL AIRPORT, NC US","  77.2","24","  71.3","24","9999.9"," 0","008.7","24","  9.0","24","  2.3","24","  9.9"," 19.0","  86.9","*","  69.1","*"," 0.00","I","999.9","000000"
"72220103723","2018-07-30","35.58222","-79.10111","75.3","SANFORD LEE CO REGIONAL AIRPORT, NC US","  76.0","24","  72.7","24","9999.9"," 0","008.8","22","  9.4","24","  2.0","24","  8.0","999.9","  82.9","*","  72.1","*","99.99"," ","999.9","010000"
"72220103723","2018-07-31","35.58222","-79.10111","75.3","SANFORD LEE CO REGIONAL AIRPORT, NC US","  76.0","24","  72.6","24","9999.9"," 0","008.6","21","  9.0","24","  1.3","24","  9.9","999.9","  86.7","*","  70.7","*","99.99"," ","999.9","010000"
"72220103723","2018-08-01","35.58222","-79.10111","75.3","SANFORD LEE CO REGIONAL AIRPORT, NC US","  76.8","24","  72.4","24","9999.9"," 0","009.7","18","  8.6","24","  3.7","24","  9.9"," 17.1","  87.1","*","  69.8","*","99.99"," ","999.9","010000"
"72220103723","2018-08-02","35.58222","-79.10111","75.3","SANFORD LEE CO REGIONAL AIRPORT, NC US","  77.3","24","  74.0","24","9999.9"," 0","010.4","24","  9.5","24","  3.1","24"," 14.0"," 21.0","  86.9","*","  72.5","*","99.99"," ","999.9","010000"
"72220103723","2018-08-03","35.58222","-79.10111","75.3","SANFORD LEE CO REGIONAL AIRPORT, NC US","  72.4","24","  71.9","24","9999.9"," 0","011.9","24","  8.6","24","  2.1","24","  8.9"," 15.0","  76.8","*","  68.9","*","99.99"," ","999.9","010000"
"72220103723","2018-08-04","35.58222","-79.10111","75.3","SANFORD LEE CO REGIONAL AIRPORT, NC US","  75.3","24","  71.5","24","9999.9"," 0","012.6","24","  7.8","24","  0.9","24","  6.0","999.9","  86.4","*","  69.8","*"," 0.00","I","999.9","100000"
"72220103723","2018-08-05","35.58222","-79.10111","75.3","SANFORD LEE CO REGIONAL AIRPORT, NC US","  77.8","24","  73.0","24","9999.9"," 0","013.1","24","  8.1","24","  0.6","24","  7.0","999.9","  88.0","*","  68.5","*","99.99"," ","999.9","110000"
"72220103723","2018-08-06","35.58222","-79.10111","75.3","SANFORD LEE CO REGIONAL AIRPORT, NC US","  78.3","24","  72.3","24","9999.9"," 0","011.5","24","  6.7","24","  1.0","24"," 14.0"," 19.0","  91.6","*","  68.4","*","99.99"," ","999.9","110000"
"72220103723","2018-08-07","35.58222","-79.10111","75.3","SANFORD LEE CO REGIONAL AIRPORT, NC US","  78.0","24","  71.0","24","9999.9"," 0","008.9","24","  8.4","24","  2.7","24","  8.0","999.9","  91.6","*","  68.4","*"," 0.00","I","999.9","000000"
"72220103723","2018-08-08","35.58222","-79.10111","75.3","SANFORD LEE CO REGIONAL AIRPORT, NC US","  79.7","24","  72.4","24","9999.9"," 0","006.9","24","  9.8","24","  3.4","24"," 21.0"," 24.1","  92.5","*","  69.6","*","99.99"," ","999.9","010000"
"72220103723","2018-08-09","35.58222","-79.10111","75.3","SANFORD LEE CO REGIONAL AIRPORT, NC US","  77.6","20","  69.8","20","9999.9"," 0","005.5","20","  9.8","20","  4.6","20","  9.9"," 14.0","  87.3","*","  68.9","*"," 0.00","I","999.9","000000"
"72220103723","2018-08-10","35.58222","-79.10111","75.3","SANFORD LEE CO REGIONAL AIRPORT, NC US","  77.5","24","  69.6","24","9999.9"," 0","004.8","24","  7.4","24","  1.2","24","  8.0","999.9","  89.2","*","  67.5","*"," 0.00","I","999.9","000000"
"72220103723","2018-08-11","35.58222","-79.10111","75.3","SANFORD LEE CO REGIONAL AIRPORT, NC US","  77.1","22","  72.9","22","9999.9"," 0","004.1","22","  8.5","22","  1.6","22","  8.9","999.9","  88.5","*","  70.0","*","99.99"," ","999.9","010000"
"72220103723","2018-08-12","35.58222","-79.10111","75.3","SANFORD LEE CO REGIONAL AIRPORT, NC US","  76.0","22","  71.5","22","9999.9"," 0","005.7","22","  8.7","22","  1.8","22"," 15.9"," 20.0","  87.8","*","  67.8","*"," 0.00","I","999.9","000000"
"72220103723","2018-08-13","35.58222","-79.10111","75.3","SANFORD LEE CO REGIONAL AIRPORT, NC US","  73.0","24","  69.1","24","9999.9"," 0","007.6","24","  8.3","24","  2.3","24"," 11.1"," 15.0","  82.6","*","  67.8","*","99.99"," ","999.9","110000"
"72220103723","2018-08-14","35.58222","-79.10111","75.3","SANFORD LEE CO REGIONAL AIRPORT, NC US","  73.4","24","  70.5","24","9999.9"," 0","006.7","24","  8.0","24","  0.9","24"," 11.1"," 20.0","  84.9","*","  66.2","*","99.99"," ","999.9","010000"
"72220103723","2018-08-15","35.58222","-79.10111","75.3","SANFORD LEE CO REGIONAL AIRPORT, NC US","  76.0","24","  69.2","24","9999.9"," 0","008.2","24","  6.6","24","  0.9","24","  7.0","999.9","  88.2","*","  65.8","*"," 0.00","I","999.9","100000"
"72220103723","2018-08-16","35.58222","-79.10111","75.3","SANFORD LEE CO REGIONAL AIRPORT, NC US","  78.2","24","  71.0","24","9999.9"," 0","010.4","24","  6.7","24","  0.8","24","  7.0","999.9","  90.1","*","  68.4","*"," 0.00","I","999.9","100000"
"72220103723","2018-08-17","35.58222","-79.10111","75.3","SANFORD LEE CO REGIONAL AIRPORT, NC US","  79.6","24","  73.1","24","9999.9"," 0","010.9","24","  8.2","24","  3.2","24"," 12.0"," 15.0","  90.3","*","  69.8","*"," 0.00","I","999.9","000000"
"72220103723","2018-08-18","35.58222","-79.10111","75.3","SANFORD LEE CO REGIONAL AIRPORT, NC US","  78.5","24","  72.6","24","9999.9"," 0","007.3","24"," 10.0","24","  4.6","24","  9.9"," 15.9","  86.5","*","  72.3","*"," 0.00","I","999.9","000000"
"72220103723","2018-08-19","35.58222","-79.10111","75.3","SANFORD LEE CO REGIONAL AIRPORT, NC US","  76.7","24","  72.8","24","9999.9"," 0","004.8","24","  9.2","24","  3.7","24","  8.9"," 21.0","  84.7","*","  71.6","*","99.99"," ","999.9","010000"
"72220103723","2018-08-20","35.58222","-79.10111","75.3","SANFORD LEE CO REGIONAL AIRPORT, NC US","  75.7","24","  72.3","24","9999.9"," 0","007.2","24","  9.4","24","  1.5","24","  9.9","999.9","  86.0","*","  68.2","*","99.99"," ","999.9","010000"
"72220103723","2018-08-21","35.58222","-79.10111","75.3","SANFORD LEE CO REGIONAL AIRPORT, NC US","  77.3","24","  73.5","24","9999.9"," 0","006.9","24","  8.6","24","  3.2","24"," 11.1"," 15.9","  84.6","*","  70.9","*"," 0.00","I","999.9","000000"
"72220103723","2018-08-22","35.58222","-79.10111","75.3","SANFORD LEE CO REGIONAL AIRPORT, NC US","  77.4","24","  71.9","24","9999.9"," 0","004.2","24"," 10.0","24","  3.8","24","  9.9","999.9","  86.9","*","  69.4","*","99.99"," ","999.9","010000"
"72220103723","2018-08-23","35.58222","-79.10111","75.3","SANFORD LEE CO REGIONAL AIRPORT, NC US","  72.3","24","  60.8","24","9999.9"," 0","007.7","24"," 10.0","24","  4.9","24","  9.9"," 15.9","  78.8","*","  61.9","*"," 0.00","I","999.9","000000"
"72220103723","2018-08-24","35.58222","-79.10111","75.3","SANFORD LEE CO REGIONAL AIRPORT, NC US","  66.1","24","  57.7","24","9999.9"," 0","012.5","24","  9.3","24","  2.0","24","  6.0","999.9","  80.2","*","  52.2","*"," 0.00","I","999.9","000000"
"72220103723","2018-08-25","35.58222","-79.10111","75.3","SANFORD LEE CO REGIONAL AIRPORT, NC US","  69.7","24","  61.6","24","9999.9"," 0","014.2","24","  9.5","24","  1.1","24","  7.0","999.9","  81.7","*","  58.5","*"," 0.00","I","999.9","000000"
"72220103723","2018-08-26","35.58222","-79.10111","75.3","SANFORD LEE CO REGIONAL AIRPORT, NC US","  70.7","24","  63.2","24","9999.9"," 0","014.1","24","  9.2","24","  0.6","24","  4.1","999.9","  86.5","*","  57.0","*"," 0.00","I","999.9","000000"
"72220103723","2018-08-27","35.58222","-79.10111","75.3","SANFORD LEE CO REGIONAL AIRPORT, NC US","  70.0","14","  69.5","14","9999.9"," 0","012.1","14","  7.3","14","  0.0","14","999.9","999.9","  77.0","*","  66.4","*"," 0.00","I","999.9","000000"
"72220103723","2018-08-28","35.58222","-79.10111","75.3","SANFORD LEE CO REGIONAL AIRPORT, NC US","  86.7","11","  71.5","11","9999.9"," 0","011.9","11"," 10.0"," 9","  3.8","11","  8.0","999.9","  91.2"," ","  68.9"," "," 0.00","I","999.9","000000"
"72220103723","2018-08-29","35.58222","-79.10111","75.3","SANFORD LEE CO REGIONAL AIRPORT, NC US","  78.4","24","  73.0","24","9999.9"," 0","011.2","24","  9.9","24","  1.5","24","  6.0","999.9","  90.1","*","  69.1","*"," 0.00","I","999.9","000000"
"72220103723","2018-08-30","35.58222","-79.10111","75.3","SANFORD LEE CO REGIONAL AIRPORT, NC US","  80.1","24","  72.7","24","9999.9"," 0","010.0","23"," 10.0","24","  2.2","24","  7.0","999.9","  92.3","*","  69.8","*"," 0.00","I","999.9","000000"
"72220103723","2018-08-31","35.58222","-79.10111","75.3","SANFORD LEE CO REGIONAL AIRPORT, NC US","  77.2","22","  72.2","22","9999.9"," 0","010.9","22","  9.8","22","  1.2","22","  8.9","999.9","  88.9","*","  68.2","*"," 0.00","I","999.9","000000"
"72220103723","2018-09-02","35.58222","-79.10111","75.3","SANFORD LEE CO REGIONAL AIRPORT, NC US","  77.9"," 6","  72.3"," 6","9999.9"," 0","013.9"," 6","  8.5"," 6","  1.3"," 6"," 13.0"," 18.1","  88.5"," ","  71.6"," ","99.99"," ","999.9","010000"
"72220103723","2018-09-03","35.58222","-79.10111","75.3","SANFORD LEE CO REGIONAL AIRPORT, NC US","  76.0","24","  70.9","24","9999.9"," 0","015.4","24","  6.3","24","  0.2","24","  4.1","999.9","  89.4"," ","  66.0"," "," 0.00","I","999.9","100000"
"72220103723","2018-09-04","35.58222","-79.10111","75.3","SANFORD LEE CO REGIONAL AIRPORT, NC US","  83.0","13","  74.8","13","9999.9"," 0","014.2","13"," 10.0","13","  2.4","13","  9.9","999.9","  90.5"," ","  71.4"," ","99.99"," ","999.9","010000"
"72220103723","2018-09-05","35.58222","-79.10111","75.3","SANFORD LEE CO REGIONAL AIRPORT, NC US","  77.8","24","  72.3","24","9999.9"," 0","013.7","24","  6.4","24","  0.5","24","  5.1","999.9","  88.9"," ","  68.9"," "," 0.00","I","999.9","100000"
"72220103723","2018-09-06","35.58222","-79.10111","75.3","SANFORD LEE CO REGIONAL AIRPORT, NC US","  78.2","24","  71.4","24","9999.9"," 0","012.9","24","  7.4","24","  0.4","24","  4.1","999.9","  90.5"," ","  68.7"," "," 0.00","I","999.9","000000"
"72220103723","2018-09-07","35.58222","-79.10111","75.3","SANFORD LEE CO REGIONAL AIRPORT, NC US","  78.0","24","  71.7","24","9999.9"," 0","011.1","13","  8.6","24","  0.2","24","  4.1","999.9","  89.8"," ","  68.0"," "," 0.00","I","999.9","000000"
"72220103723","2018-09-08","35.58222","-79.10111","75.3","SANFORD LEE CO REGIONAL AIRPORT, NC US","  77.5","24","  71.1","24","9999.9"," 0","999.9"," 0","  8.3","24","  0.4","24","  4.1","999.9","  89.1"," ","  68.0"," "," 0.00","I","999.9","000000"
"72220103723","2018-09-09","35.58222","-79.10111","75.3","SANFORD LEE CO REGIONAL AIRPORT, NC US","  75.8","24","  73.0","24","9999.9"," 0","999.9"," 0","  8.0","24","  3.4","24","  9.9","999.9","  84.6"," ","  71.6"," ","99.99"," ","999.9","010000"
"72220103723","2018-09-10","35.58222","-79.10111","75.3","SANFORD LEE CO REGIONAL AIRPORT, NC US","  72.9","24","  70.3","24","9999.9"," 0","999.9"," 0","  8.8","24","  1.7","24"," 14.0"," 20.0","  86.0"," ","  67.1"," ","99.99"," ","999.9","010000"
"72220103723","2018-09-11","35.58222","-79.10111","75.3","SANFORD LEE CO REGIONAL AIRPORT, NC US","  74.5","24","  70.5","24","9999.9"," 0","008.7","24","  7.4","24","  2.0","24"," 17.1"," 22.0","  88.5"," ","  66.6"," ","99.99"," ","999.9","110000"
"72220103723","2018-09-12","35.58222","-79.10111","75.3","SANFORD LEE CO REGIONAL AIRPORT, NC US","  76.5","24","  73.1","24","9999.9"," 0","010.4","24","  8.9","24","  1.9","24","  7.0","999.9","  87.6"," ","  70.7"," ","99.99"," ","999.9","010000"
"72220103723","2018-09-13","35.58222","-79.10111","75.3","SANFORD LEE CO REGIONAL AIRPORT, NC US","  76.7","24","  73.7","24","9999.9"," 0","008.7","24"," 10.0","24","  8.8","24"," 17.1"," 24.1","  82.4","*","  73.4","*","99.99"," ","999.9","010000"
"72220103723","2018-09-14","35.58222","-79.10111","75.3","SANFORD LEE CO REGIONAL AIRPORT, NC US","  76.1","23","  73.2","23","9999.9"," 0","000.5","23","  9.4","23"," 18.5","23"," 26.0"," 39.0","  78.8","*","  72.5","*","99.99"," ","999.9","010000"
"72220103723","2018-09-15","35.58222","-79.10111","75.3","SANFORD LEE CO REGIONAL AIRPORT, NC US","  73.7","13","  73.0","13","9999.9"," 0","001.4","13","  9.1","13"," 10.3","13"," 13.0"," 28.0","  75.2","*","  70.7","*","99.99"," ","999.9","010000"
"72220103723","2018-09-16","35.58222","-79.10111","75.3","SANFORD LEE CO REGIONAL AIRPORT, NC US","  73.1","21","  72.0","21","9999.9"," 0","004.4","15","  8.4","21","  8.9","21"," 14.0"," 25.1","  74.7","*","  71.2","*","99.99"," ","999.9","010000"
"72220103723","2018-09-17","35.58222","-79.10111","75.3","SANFORD LEE CO REGIONAL AIRPORT, NC US","  81.2","14","  75.9","14","9999.9"," 0","004.0","11","  9.1","14","  8.0","14"," 12.0"," 15.9","  86.9","*","  74.5","*","99.99"," ","999.9","010000"
"72220103723","2018-09-18","35.58222","-79.10111","75.3","SANFORD LEE CO REGIONAL AIRPORT, NC US","  77.4","24","  70.9","24","9999.9"," 0","003.2","24"," 10.0","24","  4.7","24"," 11.1"," 18.1","  87.1"," ","  70.7"," "," 0.00","I","999.9","000000"
"72220103723","2018-09-19","35.58222","-79.10111","75.3","SANFORD LEE CO REGIONAL AIRPORT, NC US","  74.6","24","  68.1","24","9999.9"," 0","004.6","24","  6.5","24","  1.4","24","  7.0","999.9","  86.9","*","  62.4","*"," 0.00","I","999.9","100000"
"72220103723","2018-09-20","35.58222","-79.10111","75.3","SANFORD LEE CO REGIONAL AIRPORT, NC US","  73.8","24","  69.1","24","9999.9"," 0","009.8","24","  5.3","24","  0.7","24","  5.1","999.9","  87.3"," ","  64.4"," "," 0.00","I","999.9","100000"
"72220103723","2018-09-21","35.58222","-79.10111","75.3","SANFORD LEE CO REGIONAL AIRPORT, NC US","  74.0","24","  70.0","24","9999.9"," 0","013.1","24","  9.2","24","  1.4","24","  7.0","999.9","  81.5"," ","  67.6"," ","99.99"," ","999.9","010000"
"72220103723","2018-09-22","35.58222","-79.10111","75.3","SANFORD LEE CO REGIONAL AIRPORT, NC US","  73.6","24","  68.5","24","9999.9"," 0","010.3","24","  6.8","24","  0.7","24","  7.0","999.9","  88.0"," ","  62.8"," "," 0.00","I","999.9","000000"
"72220103723","2018-09-23","35.58222","-79.10111","75.3","SANFORD LEE CO REGIONAL AIRPORT, NC US","  72.3","24","  69.5","24","9999.9"," 0","009.9","24","  6.6","24","  2.2","24","  9.9","999.9","  81.1"," ","  64.4"," ","99.99"," ","999.9","010000"
"72220103723","2018-09-24","35.58222","-79.10111","75.3","SANFORD LEE CO REGIONAL AIRPORT, NC US","  68.2","24","  65.9","24","9999.9"," 0","013.5","24","  9.3","24","  5.4","24","  8.0","999.9","  76.5"," ","  64.6"," ","99.99"," ","999.9","010000"
"72220103723","2018-09-25","35.58222","-79.10111","75.3","SANFORD LEE CO REGIONAL AIRPORT, NC US","  73.3","24","  69.6","24","9999.9"," 0","013.6","24","  8.1","24","  2.5","24","  6.0","999.9","  84.2"," ","  68.0"," "," 0.00","I","999.9","000000"
"72220103723","2018-09-26","35.58222","-79.10111","75.3","SANFORD LEE CO REGIONAL AIRPORT, NC US","  74.6","24","  69.2","24","9999.9"," 0","009.2","24","  6.8","24","  2.5","24","  8.9","999.9","  87.4"," ","  64.6"," "," 0.00","I","999.9","100000"
"72220103723","2018-09-27","35.58222","-79.10111","75.3","SANFORD LEE CO REGIONAL AIRPORT, NC US","  73.2","24","  71.1","24","9999.9"," 0","008.1","24","  9.0","24","  1.6","24","  8.9"," 17.1","  81.5"," ","  68.5"," ","99.99"," ","999.9","110000"
"72220103723","2018-09-28","35.58222","-79.10111","75.3","SANFORD LEE CO REGIONAL AIRPORT, NC US","  72.6","24","  70.5","24","9999.9"," 0","008.2","24","  9.4","24","  2.0","24","  8.0"," 15.0","  79.7"," ","  68.2"," ","99.99"," ","999.9","010000"
"72220103723","2018-09-29","35.58222","-79.10111","75.3","SANFORD LEE CO REGIONAL AIRPORT, NC US","  71.5","24","  66.2","24","9999.9"," 0","012.7","24","  7.9","24","  1.2","24","  6.0","999.9","  82.0"," ","  62.2"," "," 0.00","I","999.9","000000"
"72220103723","2018-09-30","35.58222","-79.10111","75.3","SANFORD LEE CO REGIONAL AIRPORT, NC US","  70.7","24","  64.9","24","9999.9"," 0","015.7","20","  9.4","24","  1.4","24","  7.0","999.9","  80.8"," ","  62.8"," "," 0.00","I","999.9","100000"
"72220103723","2018-10-01","35.58222","-79.10111","75.3","SANFORD LEE CO REGIONAL AIRPORT, NC US","  67.5","24","  62.2","24","9999.9"," 0","017.2","20","  7.7","24","  0.7","24","  5.1","999.9","  80.6","*","  56.8","*"," 0.00","I","999.9","000000"
"72220103723","2018-10-02","35.58222","-79.10111","75.3","SANFORD LEE CO REGIONAL AIRPORT, NC US","  68.3","24","  63.0","24","9999.9"," 0","014.8","24","  8.1","24","  0.9","24","  7.0","999.9","  83.8"," ","  58.8"," "," 0.00","I","999.9","100000"
"72220103723","2018-10-03","35.58222","-79.10111","75.3","SANFORD LEE CO REGIONAL AIRPORT, NC US","  71.5","24","  65.7","24","9999.9"," 0","010.9","24","  7.9","24","  1.2","24","  7.0","999.9","  85.8","*","  61.0","*"," 0.00","I","999.9","000000"
"72220103723","2018-10-04","35.58222","-79.10111","75.3","SANFORD LEE CO REGIONAL AIRPORT, NC US","  74.3","24","  67.7","24","9999.9"," 0","009.3","24","  6.8","24","  1.7","24","  6.0"," 18.1","  88.5","*","  63.0","*"," 0.00","I","999.9","100000"
"72220103723","2018-10-05","35.58222","-79.10111","75.3","SANFORD LEE CO REGIONAL AIRPORT, NC US","  75.5","24","  69.4","24","9999.9"," 0","008.2","24","  8.4","24","  0.9","24","  5.1","999.9","  88.9","*","  65.8","*"," 0.00","I","999.9","000000"
"72220103723","2018-10-06","35.58222","-79.10111","75.3","SANFORD LEE CO REGIONAL AIRPORT, NC US","  74.2","24","  72.4","24","9999.9"," 0","011.3","24","  8.5","24","  2.1","24","  6.0","999.9","  78.6"," ","  71.6"," "," 0.00","I","999.9","000000"
"72220103723","2018-10-07","35.58222","-79.10111","75.3","SANFORD LEE CO REGIONAL AIRPORT, NC US","  72.9","24","  69.5","24","9999.9"," 0","013.3","24","  4.5","24","  0.3","24","  5.1","999.9","  85.6","*","  65.5","*"," 0.00","I","999.9","100000"
"72220103723","2018-10-08","35.58222","-79.10111","75.3","SANFORD LEE CO REGIONAL AIRPORT, NC US","  74.0","24","  70.8","24","9999.9"," 0","014.8","24","  6.9","24","  1.4","24","  6.0","999.9","  85.1","*","  67.8","*"," 0.00","I","999.9","100000"
"72220103723","2018-10-09","35.58222","-79.10111","75.3","SANFORD LEE CO REGIONAL AIRPORT, NC US","  73.3","24","  69.0","24","9999.9"," 0","014.5","24","  9.3","24","  1.9","24","  6.0","999.9","  82.0","*","  65.3","*","99.99"," ","999.9","010000"
"72220103723","2018-10-10","35.58222","-79.10111","75.3","SANFORD LEE CO REGIONAL AIRPORT, NC US","  71.8","24","  70.6","24","9999.9"," 0","008.6","24","  9.4","24","  0.1","24","  4.1","999.9","  79.7","*","  66.0","*","99.99"," ","999.9","010000"
"72220103723","2018-10-11","35.58222","-79.10111","75.3","SANFORD LEE CO REGIONAL AIRPORT, NC US","  74.3","20","  73.6","20","9999.9"," 0","996.7","20","  8.6","20","  4.1","20"," 14.0"," 22.0","  77.5","*","  67.6","*","99.99"," ","999.9","010000"
"72220103723","2018-10-12","35.58222","-79.10111","75.3","SANFORD LEE CO REGIONAL AIRPORT, NC US","  62.3","24","  51.9","24","9999.9"," 0","998.8","24","  9.9","24","  3.9","24"," 12.0"," 21.0","  72.3","*","  50.0","*"," 0.00","I","999.9","000000"
"72220103723","2018-10-13","35.58222","-79.10111","75.3","SANFORD LEE CO REGIONAL AIRPORT, NC US","  57.1","24","  49.8","24","9999.9"," 0","003.3","24","  8.5","24","  2.2","24"," 11.1"," 18.1","  69.3"," ","  47.3"," "," 0.00","I","999.9","000000"
"72220103723","2018-10-14","35.58222","-79.10111","75.3","SANFORD LEE CO REGIONAL AIRPORT, NC US","  54.0","24","  52.0","24","9999.9"," 0","012.0","24","  9.9","24","  2.0","24","  7.0","999.9","  64.8"," ","  46.0"," ","99.99"," ","999.9","010000"
"72220103723","2018-10-15","35.58222","-79.10111","75.3","SANFORD LEE CO REGIONAL AIRPORT, NC US","  65.0","24","  61.8","24","9999.9"," 0","012.4","24","  9.6","24","  1.4","24","  8.9"," 14.0","  81.3"," ","  56.3"," "," 0.00","I","999.9","000000"
"72220103723","2018-10-16","35.58222","-79.10111","75.3","SANFORD LEE CO REGIONAL AIRPORT, NC US","  68.8","24","  65.7","24","9999.9"," 0","010.4","24","  6.6","24","  1.6","24","  6.0","999.9","  77.9"," ","  62.4"," ","99.99"," ","999.9","110000"
"72220103723","2018-10-17","35.58222","-79.10111","75.3","SANFORD LEE CO REGIONAL AIRPORT, NC US","  68.0","24","  63.0","24","9999.9"," 0","010.4","24","  7.9","24","  2.0","24","  8.0","999.9","  73.0"," ","  56.8"," ","99.99"," ","999.9","010000"
"72220103723","2018-10-18","35.58222","-79.10111","75.3","SANFORD LEE CO REGIONAL AIRPORT, NC US","  55.0","24","  44.4","24","9999.9"," 0","017.7","24"," 10.0","24","  3.2","24"," 11.1"," 17.1","  62.4"," ","  45.1"," "," 0.00","I","999.9","000000"
"72220103723","2018-10-19","35.58222","-79.10111","75.3","SANFORD LEE CO REGIONAL AIRPORT, NC US","  49.2","24","  43.0","24","9999.9"," 0","018.4","24","  8.4","24","  0.9","24","  7.0","999.9","  68.9"," ","  35.1"," "," 0.00","I","999.9","100000"
"72220103723","2018-10-20","35.58222","-79.10111","75.3","SANFORD LEE CO REGIONAL AIRPORT, NC US","  60.8","24","  59.0","24","9999.9"," 0","005.2","24","  9.6","24","  2.6","24","  8.9","999.9","  68.5"," ","  50.0"," ","99.99"," ","999.9","010000"
"72220103723","2018-10-21","35.58222","-79.10111","75.3","SANFORD LEE CO REGIONAL AIRPORT, NC US","  53.6","24","  38.3","24","9999.9"," 0","008.2","24"," 10.0","24","  6.6","24"," 15.0"," 27.0","  62.1"," ","  42.6"," "," 0.00","I","999.9","000000"
"72220103723","2018-10-22","35.58222","-79.10111","75.3","SANFORD LEE CO REGIONAL AIRPORT, NC US","  43.6","24","  35.7","24","9999.9"," 0","016.9","24","  9.6","24","  1.5","24","  7.0","999.9","  61.9"," ","  30.2"," "," 0.00","I","999.9","000000"
"72220103723","2018-10-23","35.58222","-79.10111","75.3","SANFORD LEE CO REGIONAL AIRPORT, NC US","  47.2","24","  41.2","24","9999.9"," 0","013.3","24","  9.9","24","  1.6","24","  7.0","999.9","  66.6"," ","  34.3"," "," 0.00","I","999.9","000000"
"72220103723","2018-10-24","35.58222","-79.10111","75.3","SANFORD LEE CO REGIONAL AIRPORT, NC US","  48.4","24","  40.7","24","9999.9"," 0","012.5","24","  8.4","24","  1.8","24","  9.9","999.9","  61.7"," ","  35.8"," ","99.99"," ","999.9","010000"
"72220103723","2018-10-25","35.58222","-79.10111","75.3","SANFORD LEE CO REGIONAL AIRPORT, NC US","  42.5","24","  37.2","24","9999.9"," 0","014.3","24","  9.3","24","  0.7","24","  5.1","999.9","  54.9"," ","  31.3"," "," 0.00","I","999.9","000000"
"72220103723","2018-10-26","35.58222","-79.10111","75.3","SANFORD LEE CO REGIONAL AIRPORT, NC US","  44.9","24","  44.7","24","9999.9"," 0","006.4","24","  8.1","24","  2.7","24","  8.0"," 15.9","  50.4"," ","  41.9"," ","99.99"," ","999.9","010000"
"72220103723","2018-10-27","35.58222","-79.10111","75.3","SANFORD LEE CO REGIONAL AIRPORT, NC US","  49.9","24","  48.7","24","9999.9"," 0","996.0","24","  8.4","24","  5.0","24","  8.9","999.9","  55.2"," ","  47.3"," ","99.99"," ","999.9","010000"
"72220103723","2018-10-28","35.58222","-79.10111","75.3","SANFORD LEE CO REGIONAL AIRPORT, NC US","  51.9","24","  45.4","24","9999.9"," 0","004.3","24"," 10.0","24","  4.9","24"," 11.1"," 18.1","  64.0"," ","  41.5"," ","99.99"," ","999.9","010000"
"72220103723","2018-10-29","35.58222","-79.10111","75.3","SANFORD LEE CO REGIONAL AIRPORT, NC US","  54.4","24","  43.4","24","9999.9"," 0","005.6","24","  9.3","24","  3.5","24","  9.9"," 18.1","  65.3"," ","  39.4"," ","99.99"," ","999.9","110000"
"72220103723","2018-10-30","35.58222","-79.10111","75.3","SANFORD LEE CO REGIONAL AIRPORT, NC US","  47.0","24","  39.2","24","9999.9"," 0","012.9","24"," 10.0","24","  0.6","24","  5.1","999.9","  65.1"," ","  32.0"," "," 0.00","I","999.9","000000"
"72220103723","2018-10-31","35.58222","-79.10111","75.3","SANFORD LEE CO REGIONAL AIRPORT, NC US","  50.6","24","  45.6","24","9999.9"," 0","012.8","23","  9.0","24","  2.1","24","  9.9"," 15.0","  73.4"," ","  34.2"," "," 0.00","I","999.9","000000"
"72220103723","2018-11-01","35.58222","-79.10111","75.3","SANFORD LEE CO REGIONAL AIRPORT, NC US","  58.2","24","  55.4","24","9999.9"," 0","006.5","20","  6.6","24","  1.9","24","  8.9"," 15.9","  76.1"," ","  46.0"," ","99.99"," ","999.9","110000"
"72220103723","2018-11-02","35.58222","-79.10111","75.3","SANFORD LEE CO REGIONAL AIRPORT, NC US","  67.5","24","  65.2","24","9999.9"," 0","999.6","24"," 10.0","24","  6.5","24"," 15.9"," 21.0","  69.8"," ","  65.3"," ","99.99"," ","999.9","010000"
"72220103723","2018-11-03","35.58222","-79.10111","75.3","SANFORD LEE CO REGIONAL AIRPORT, NC US","  57.2","24","  44.8","24","9999.9"," 0","005.4","24"," 10.0","24","  6.2","24"," 13.0"," 19.0","  68.5"," ","  45.5"," "," 0.00","I","999.9","000000"
"72220103723","2018-11-04","35.58222","-79.10111","75.3","SANFORD LEE CO REGIONAL AIRPORT, NC US","  45.8","24","  41.6","24","9999.9"," 0","019.3","24","  8.9","24","  1.9","24","  7.0","999.9","  64.9"," ","  31.8"," "," 0.00","I","999.9","000000"
"72220103723","2018-11-05","35.58222","-79.10111","75.3","SANFORD LEE CO REGIONAL AIRPORT, NC US","  57.4","24","  56.3","24","9999.9"," 0","012.1","24","  7.8","24","  1.2","24","  7.0","999.9","  61.0"," ","  55.4"," ","99.99"," ","999.9","010000"
"72220103723","2018-11-06","35.58222","-79.10111","75.3","SANFORD LEE CO REGIONAL AIRPORT, NC US","  64.5","24","  63.1","24","9999.9"," 0","006.5","24","  5.8","24","  3.4","24"," 14.0"," 20.0","  76.8"," ","  58.6"," ","99.99"," ","999.9","110000"
"72220103723","2018-11-07","35.58222","-79.10111","75.3","SANFORD LEE CO REGIONAL AIRPORT, NC US","  57.2","22","  51.7","22","9999.9"," 0","008.8","22","  4.1","22","  0.5","22","  4.1","999.9","  72.3","*","  44.2","*","99.99"," ","999.9","110000"
"72220103723","2018-11-08","35.58222","-79.10111","75.3","SANFORD LEE CO REGIONAL AIRPORT, NC US","  57.0","23","  52.8","23","9999.9"," 0","010.8","23","  9.3","23","  2.5","23","  9.9","999.9","  63.9"," ","  50.2"," ","99.99"," ","999.9","010000"
"72220103723","2018-11-09","35.58222","-79.10111","75.3","SANFORD LEE CO REGIONAL AIRPORT, NC US","  53.3","24","  48.4","24","9999.9"," 0","011.2","24","  9.6","24","  2.7","24","  7.0","999.9","  58.3"," ","  50.0"," ","99.99"," ","999.9","010000"
"72220103723","2018-11-10","35.58222","-79.10111","75.3","SANFORD LEE CO REGIONAL AIRPORT, NC US","  49.9","24","  39.5","24","9999.9"," 0","009.6","24","  8.9","24","  5.2","24"," 14.0"," 19.0","  52.7"," ","  38.3"," ","99.99"," ","999.9","010000"
"72220103723","2018-11-11","35.58222","-79.10111","75.3","SANFORD LEE CO REGIONAL AIRPORT, NC US","  36.4","24","  25.2","24","9999.9"," 0","019.3","24"," 10.0","24","  1.0","24","  6.0","999.9","  49.6"," ","  27.0"," "," 0.00","I","999.9","000000"
"72220103723","2018-11-12","35.58222","-79.10111","75.3","SANFORD LEE CO REGIONAL AIRPORT, NC US","  39.3","24","  37.7","24","9999.9"," 0","018.1","24","  8.8","24","  1.6","24","  8.0","999.9","  45.0"," ","  33.4"," ","99.99"," ","999.9","010000"
"72220103723","2018-11-13","35.58222","-79.10111","75.3","SANFORD LEE CO REGIONAL AIRPORT, NC US","  46.9","24","  46.6","24","9999.9"," 0","008.7","24","  7.9","24","  1.9","24","  8.0","999.9","  51.1"," ","  43.9"," ","99.99"," ","999.9","010000"
"72220103723","2018-11-14","35.58222","-79.10111","75.3","SANFORD LEE CO REGIONAL AIRPORT, NC US","  45.9","24","  43.4","24","9999.9"," 0","017.2","24"," 10.0","24","  4.2","24","  8.0","999.9","  50.9","*","  42.3","*","99.99"," ","999.9","010000"
"72220103723","2018-11-15","35.58222","-79.10111","75.3","SANFORD LEE CO REGIONAL AIRPORT, NC US","  39.9","24","  37.5","24","9999.9"," 0","012.0","24","  7.5","24","  7.2","24"," 14.0"," 21.0","  42.3","*","  36.5","*","99.99"," ","999.9","010000"
"72220103723","2018-11-16","35.58222","-79.10111","75.3","SANFORD LEE CO REGIONAL AIRPORT, NC US","  41.9","24","  35.6","24","9999.9"," 0","006.4","24","  9.3","24","  4.0","24","  9.9"," 14.0","  54.5","*","  33.4","*","99.99"," ","999.9","010000"
"72220103723","2018-11-17","35.58222","-79.10111","75.3","SANFORD LEE CO REGIONAL AIRPORT, NC US","  40.0","24","  35.3","24","9999.9"," 0","013.4","24","  9.3","24","  0.6","24","  5.1","999.9","  57.9","*","  28.8","*"," 0.00","I","999.9","000000"
"72220103723","2018-11-18","35.58222","-79.10111","75.3","SANFORD LEE CO REGIONAL AIRPORT, NC US","  41.4","24","  37.8","24","9999.9"," 0","016.4","24","  6.8","24","  0.0","24","  2.9","999.9","  59.0","*","  30.0","*"," 0.00","I","999.9","100000"
"72220103723","2018-11-19","35.58222","-79.10111","75.3","SANFORD LEE CO REGIONAL AIRPORT, NC US","  49.8","24","  46.3","24","9999.9"," 0","011.9","24","  8.0","24","  0.6","24","  8.0","999.9","  65.3","*","  43.2","*","99.99"," ","999.9","010000"
"72220103723","2018-11-20","35.58222","-79.10111","75.3","SANFORD LEE CO REGIONAL AIRPORT, NC US","  51.1","24","  44.9","24","9999.9"," 0","006.8","24","  7.5","24","  2.8","24","  9.9"," 15.9","  64.4","*","  42.3","*"," 0.00","I","999.9","000000"
"72220103723","2018-11-21","35.58222","-79.10111","75.3","SANFORD LEE CO REGIONAL AIRPORT, NC US","  41.7","24","  31.9","24","9999.9"," 0","013.5","24"," 10.0","24","  1.7","24","  8.9","999.9","  56.7","*","  27.9","*"," 0.00","I","999.9","000000"
"72220103723","2018-11-22","35.58222","-79.10111","75.3","SANFORD LEE CO REGIONAL AIRPORT, NC US","  37.8","24","  31.7","24","9999.9"," 0","017.7","24","  9.8","24","  1.0","24","  7.0","999.9","  50.5","*","  28.0","*"," 0.00","I","999.9","000000"
"72220103723","2018-11-23","35.58222","-79.10111","75.3","SANFORD LEE CO REGIONAL AIRPORT, NC US","  35.4","24","  26.8","24","9999.9"," 0","022.4","24"," 10.0","24","  3.5","24","  7.0","999.9","  43.9","*","  27.7","*"," 0.00","I","999.9","000000"
"72220103723","2018-11-24","35.58222","-79.10111","75.3","SANFORD LEE CO REGIONAL AIRPORT, NC US","  39.1","24","  35.9","24","9999.9"," 0","007.6","24","  8.8","24","  4.2","24"," 14.0"," 17.1","  42.8","*","  36.5","*","99.99"," ","999.9","010000"
"72220103723","2018-11-25","35.58222","-79.10111","75.3","SANFORD LEE CO REGIONAL AIRPORT, NC US","  46.3","24","  43.2","24","9999.9"," 0","004.8","24","  8.5","24","  2.9","24","  7.0","999.9","  59.4","*","  42.1","*"," 0.00","I","999.9","000000"
"72220103723","2018-11-26","35.58222","-79.10111","75.3","SANFORD LEE CO REGIONAL AIRPORT, NC US","  50.2","24","  46.8","24","9999.9"," 0","999.1","24","  7.5","24","  3.9","24"," 18.1"," 22.9","  62.6","*","  42.1","*","99.99"," ","999.9","010000"
"72220103723","2018-11-27","35.58222","-79.10111","75.3","SANFORD LEE CO REGIONAL AIRPORT, NC US","  40.6","24","  28.6","24","9999.9"," 0","999.1","24"," 10.0","24","  5.0","24"," 11.1"," 22.0","  51.3","*","  32.2","*"," 0.00","I","999.9","000000"
"72220103723","2018-11-28","35.58222","-79.10111","75.3","SANFORD LEE CO REGIONAL AIRPORT, NC US","  33.8","24","  15.7","24","9999.9"," 0","003.4","24"," 10.0","24","  5.6","24"," 11.1"," 18.1","  42.4","*","  24.3","*"," 0.00","I","999.9","000000"
"72220103723","2018-11-29","35.58222","-79.10111","75.3","SANFORD LEE CO REGIONAL AIRPORT, NC US","  32.5","24","  21.3","24","9999.9"," 0","010.2","24"," 10.0","24","  0.6","24","  6.0","999.9","  51.4","*","  21.9","*"," 0.00","I","999.9","000000"
"72220103723","2018-11-30","35.58222","-79.10111","75.3","SANFORD LEE CO REGIONAL AIRPORT, NC US","  48.3","24","  41.5","24","9999.9"," 0","009.9","17"," 10.0","24","  3.3","24"," 18.1"," 25.1","  67.1","*","  35.1","*","99.99"," ","999.9","010000"
"72220103723","2018-12-01","35.58222","-79.10111","75.3","SANFORD LEE CO REGIONAL AIRPORT, NC US","  54.3","24","  52.0","24","9999.9"," 0","008.8","24","  7.2","24","  0.5","24","  7.0","999.9","  59.9","*","  50.5","*","99.99"," ","999.9","010000"
"72220103723","2018-12-02","35.58222","-79.10111","75.3","SANFORD LEE CO REGIONAL AIRPORT, NC US","  62.7","24","  60.9","24","9999.9"," 0","000.0","24","  8.5","24","  5.1","24"," 14.0"," 22.0","  71.8","*","  53.1","*","99.99"," ","999.9","010000"
"72220103723","2018-12-03","35.58222","-79.10111","75.3","SANFORD LEE CO REGIONAL AIRPORT, NC US","  63.3","24","  54.4","24","9999.9"," 0","999.8","24","  9.5","24","  5.4","24"," 11.1"," 18.1","  69.8","*","  50.9","*"," 0.00","I","999.9","100000"
"72220103723","2018-12-04","35.58222","-79.10111","75.3","SANFORD LEE CO REGIONAL AIRPORT, NC US","  46.8","24","  33.9","24","9999.9"," 0","006.0","24"," 10.0","24","  3.6","24"," 11.1","999.9","  51.6","*","  37.0","*"," 0.00","I","999.9","000000"
"72220103723","2018-12-05","35.58222","-79.10111","75.3","SANFORD LEE CO REGIONAL AIRPORT, NC US","  42.7","24","  26.8","24","9999.9"," 0","009.5","24"," 10.0","24","  4.0","24"," 13.0"," 22.0","  46.8","*","  39.4","*"," 0.00","I","999.9","000000"
"72220103723","2018-12-06","35.58222","-79.10111","75.3","SANFORD LEE CO REGIONAL AIRPORT, NC US","  33.0","24","  22.4","24","9999.9"," 0","018.1","24"," 10.0","24","  1.1","24","  6.0","999.9","  45.7","*","  22.1","*"," 0.00","I","999.9","000000"
"72220103723","2018-12-07","35.58222","-79.10111","75.3","SANFORD LEE CO REGIONAL AIRPORT, NC US","  37.0","24","  29.0","24","9999.9"," 0","019.6","24"," 10.0","24","  1.0","24","  8.0","999.9","  49.3","*","  27.5","*"," 0.00","I","999.9","000000"
"72220103723","2018-12-08","35.58222","-79.10111","75.3","SANFORD LEE CO REGIONAL AIRPORT, NC US","  36.7","24","  32.6","24","9999.9"," 0","022.0","24"," 10.0","24","  1.6","24","  6.0","999.9","  43.7","*","  30.0","*"," 0.00","I","999.9","000000"
"72220103723","2018-12-09","35.58222","-79.10111","75.3","SANFORD LEE CO REGIONAL AIRPORT, NC US","  34.6","24","  30.9","24","9999.9"," 0","015.1","24","  6.1","24","  8.6","24"," 17.1"," 22.9","  40.1","*","  31.1","*","99.99"," ","999.9","011000"
"72220103723","2018-12-10","35.58222","-79.10111","75.3","SANFORD LEE CO REGIONAL AIRPORT, NC US","  33.6","24","  31.8","24","9999.9"," 0","007.6","24","  7.2","24","  9.8","24"," 15.0"," 21.0","  35.6","*","  31.1","*","99.99"," ","999.9","011000"
"72220103723","2018-12-11","35.58222","-79.10111","75.3","SANFORD LEE CO REGIONAL AIRPORT, NC US","  35.8","24","  24.9","24","9999.9"," 0","012.4","24"," 10.0","24","  3.7","24","  8.0","999.9","  46.9","*","  28.8","*"," 0.00","I","999.9","000000"
"72220103723","2018-12-12","35.58222","-79.10111","75.3","SANFORD LEE CO REGIONAL AIRPORT, NC US","  33.0","24","  27.6","24","9999.9"," 0","012.9","24"," 10.0","24","  0.1","24","  2.9","999.9","  48.4","*","  23.0","*"," 0.00","I","999.9","000000"
"72220103723","2018-12-13","35.58222","-79.10111","75.3","SANFORD LEE CO REGIONAL AIRPORT, NC US","  37.2","24","  33.1","24","9999.9"," 0","015.5","24","  9.7","24","  0.1","24","  2.9","999.9","  54.0","*","  27.5","*"," 0.00","I","999.9","000000"
"72220103723","2018-12-14","35.58222","-79.10111","75.3","SANFORD LEE CO REGIONAL AIRPORT, NC US","  42.0","24","  40.7","24","9999.9"," 0","015.7","24","  8.1","24","  3.1","24","  7.0","999.9","  52.2","*","  37.0","*","99.99"," ","999.9","010000"
"72220103723","2018-12-15","35.58222","-79.10111","75.3","SANFORD LEE CO REGIONAL AIRPORT, NC US","  47.0","24","  47.0","24","9999.9"," 0","006.0","24","  5.4","24","  2.4","24","  8.0","999.9","  53.8","*","  42.4","*","99.99"," ","999.9","110000"
"72220103723","2018-12-16","35.58222","-79.10111","75.3","SANFORD LEE CO REGIONAL AIRPORT, NC US","  49.7","24","  45.5","24","9999.9"," 0","004.4","24","  6.2","24","  3.8","24"," 13.0"," 17.1","  60.3","*","  41.9","*","99.99"," ","999.9","110000"
"72220103723","2018-12-17","35.58222","-79.10111","75.3","SANFORD LEE CO REGIONAL AIRPORT, NC US","  46.9","24","  38.0","24","9999.9"," 0","006.7","24"," 10.0","24","  2.7","24","  8.9"," 15.0","  62.2","*","  32.2","*"," 0.00","I","999.9","000000"
"72220103723","2018-12-18","35.58222","-79.10111","75.3","SANFORD LEE CO REGIONAL AIRPORT, NC US","  39.7","24","  31.8","24","9999.9"," 0","009.4","24"," 10.0","24","  1.0","24","  7.0","999.9","  52.0","*","  29.1","*"," 0.00","I","999.9","000000"
"72220103723","2018-12-19","35.58222","-79.10111","75.3","SANFORD LEE CO REGIONAL AIRPORT, NC US","  35.2","24","  30.9","24","9999.9"," 0","012.6","24"," 10.0","24","  0.0","24","999.9","999.9","  52.5","*","  26.1","*"," 0.00","I","999.9","000000"
"72220103723","2018-12-20","35.58222","-79.10111","75.3","SANFORD LEE CO REGIONAL AIRPORT, NC US","  47.4","24","  44.6","24","9999.9"," 0","004.0","24","  8.4","24","  1.7","24","  9.9"," 18.1","  63.5","*","  40.8","*","99.99"," ","999.9","010000"
"72220103723","2018-12-21","35.58222","-79.10111","75.3","SANFORD LEE CO REGIONAL AIRPORT, NC US","  60.7","24","  57.5","24","9999.9"," 0","985.2","24","  9.7","24","  8.8","24"," 18.1"," 25.1","  64.9","*","  50.2","*","99.99"," ","999.9","010000"
"72220103723","2018-12-22","35.58222","-79.10111","75.3","SANFORD LEE CO REGIONAL AIRPORT, NC US","  47.1","24","  37.3","24","9999.9"," 0","998.2","24"," 10.0","24","  7.5","24"," 12.0"," 22.0","  53.8","*","  40.3","*","99.99"," ","999.9","010000"
"72220103723","2018-12-23","35.58222","-79.10111","75.3","SANFORD LEE CO REGIONAL AIRPORT, NC US","  38.3","24","  31.4","24","9999.9"," 0","012.1","24"," 10.0","24","  1.6","24","  8.0","999.9","  58.5","*","  26.2","*"," 0.00","I","999.9","000000"
"72220103723","2018-12-24","35.58222","-79.10111","75.3","SANFORD LEE CO REGIONAL AIRPORT, NC US","  46.9","24","  33.1","24","9999.9"," 0","012.7","24"," 10.0","24","  3.8","24","  9.9","999.9","  52.7","*","  35.2","*"," 0.00","I","999.9","000000"
"72220103723","2018-12-25","35.58222","-79.10111","75.3","SANFORD LEE CO REGIONAL AIRPORT, NC US","  34.3","24","  27.0","24","9999.9"," 0","017.4","24"," 10.0","24","  0.0","24","  4.1","999.9","  50.9","*","  24.1","*"," 0.00","I","999.9","000000"
"72220103723","2018-12-26","35.58222","-79.10111","75.3","SANFORD LEE CO REGIONAL AIRPORT, NC US","  34.8","24","  29.2","24","9999.9"," 0","022.1","24","  9.9","24","  1.1","24","  7.0","999.9","  51.4","*","  24.3","*"," 0.00","I","999.9","000000"
"72220103723","2018-12-27","35.58222","-79.10111","75.3","SANFORD LEE CO REGIONAL AIRPORT, NC US","  36.4","24","  31.5","24","9999.9"," 0","023.2","24","  9.9","24","  1.2","24","  5.1","999.9","  51.8","*","  26.8","*"," 0.00","I","999.9","000000"
"72220103723","2018-12-28","35.58222","-79.10111","75.3","SANFORD LEE CO REGIONAL AIRPORT, NC US","  57.6","24","  56.6","24","9999.9"," 0","011.2","24","  7.6","24","  3.6","24","  8.9"," 14.0","  68.4","*","  48.4","*","99.99"," ","999.9","010000"
"72220103723","2018-12-29","35.58222","-79.10111","75.3","SANFORD LEE CO REGIONAL AIRPORT, NC US","  58.3","24","  54.6","24","9999.9"," 0","010.5","24","  9.2","24","  2.2","24","  8.9","999.9","  65.3","*","  49.1","*","99.99"," ","999.9","110000"
"72220103723","2018-12-30","35.58222","-79.10111","75.3","SANFORD LEE CO REGIONAL AIRPORT, NC US","  48.4","24","  47.2","24","9999.9"," 0","013.0","24","  8.2","24","  0.6","24","  5.1","999.9","  55.4","*","  43.9","*","99.99"," ","999.9","110000"
"72220103723","2018-12-31","35.58222","-79.10111","75.3","SANFORD LEE CO REGIONAL AIRPORT, NC US","  55.0","24","  54.9","24","9999.9"," 0","013.1","24","  5.5","24","  1.7","24","  9.9","999.9","  63.9","*","  50.9","*","99.99"," ","999.9","110000"
